id,grammarType,group,sentence,optionA,optionB,optionC,optionD,correct,infinitive,preteritum,meaning,translation,synonym,antonym
1,Perfekt (Partizip II),,Der Komiker hat das Publikum gut ______.,behalten,unterhalten,abgehalten,aufgehalten,unterhalten,unterhalten,unterhielt,giải trí; trò chuyện,Diễn viên hài đã làm khán giả rất vui.,amüsieren,gelangweilt (làm cho chán)
2,Perfekt (Partizip II),,Wir sind an der nächsten Station ______.,umgestiegen,abgestiegen,aufgestiegen,ausgestiegen,ausgestiegen,aussteigen,stieg aus,xuống xe; rút lui,Chúng tôi đã xuống xe ở trạm tiếp theo.,verlassen,eingestiegen (lên xe)
3,Perfekt (Partizip II),,Der Sänger hat ein neues Album ______.,aufgenommen,angenommen,eingenommen,benommen,aufgenommen,aufnehmen,nahm auf,thu nhận; ghi âm,Ca sĩ đã thu âm một album mới.,aufzeichnen,
4,Perfekt (Partizip II),,Ich habe mein Handy beim Kundendienst ______.,vergeben,abgegeben,zugegeben,eingegeben,abgegeben,abgeben,gab ab,nộp lại; giao,Tôi đã nộp điện thoại tại trung tâm bảo hành.,übergeben,abgeholt (lấy về)
5,Perfekt (Partizip II),,Der Himmel war heute völlig ______.,bedeckt,zugedeckt,entdeckt,abgedeckt,bedeckt,bedecken,bedeckte,che phủ,Hôm nay bầu trời hoàn toàn bị mây che phủ.,verhüllen,
6,Perfekt (Partizip II),,Sie hat ihre Meinung klar ______.,ausgesprochen,abgesprochen,versprochen,besprochen,ausgesprochen,aussprechen,sprach aus,phát âm; bày tỏ,Cô ấy đã bày tỏ quan điểm của mình rõ ràng.,äußern,verschwiegen (giấu kín)
7,Perfekt (Partizip II),,Der Minister ist wegen des Skandals ______.,zurückgetreten,angetreten,eingetreten,aufgetreten,zurückgetreten,zurücktreten,trat zurück,từ chức; lùi lại,Bộ trưởng đã từ chức vì vụ bê bối.,kündigen,angetreten (nhậm chức)
8,Perfekt (Partizip II),,Der Zug ist schon ______.,abgefahren,befahren,weggefahren,mitgefahren,abgefahren,abfahren,fuhr ab,khởi hành,Tàu đã khởi hành rồi.,losfahren,angekommen (đến nơi)
9,Perfekt (Partizip II),,Er hat bei dem Streit einfach ______.,verändert,weggeschaut,zugeschaut,angeschaut,weggeschaut,wegschauen,schaute weg,quay đi không nhìn,Anh ấy chỉ đơn giản là quay đi khi có cuộc cãi vã.,ignorieren,hingeschaut (nhìn thẳng vào)
10,Perfekt (Partizip II),,Die Pflanze ist von Schädlingen ______.,ausgefallen,befallen,weggefallen,verfallen,befallen,befallen,befiel,"xâm nhập (bệnh, sâu bọ)",Cây đã bị sâu bệnh tấn công.,heimsuchen,
11,Perfekt (Partizip II),,Wir haben eine halbe Stunde an der Kasse ______.,aufgestanden,bestanden,angestanden,verstanden,angestanden,anstehen,stand an,xếp hàng,Chúng tôi đã xếp hàng nửa tiếng ở quầy thu ngân.,Schlange stehen,
12,Perfekt (Partizip II),,Das Problem hat mich persönlich sehr ______.,angegangen,eingegangen,begangen,zugegangen,angegangen,angehen,ging an,liên quan đến; bắt đầu,Vấn đề này liên quan sâu sắc đến cá nhân tôi.,betreffen,
13,Perfekt (Partizip II),,Nach der Krankheit hat er sich gut ______.,abgehalten,abgeholt,erholt,eingeholt,erholt,erholen,erholte,"nghỉ ngơi, hồi phục","Sau khi ốm, anh ấy đã hồi phục tốt.",sich ausruhen,verschlechtert (trở nên tệ hơn)
14,Perfekt (Partizip II),,Die Feier wurde perfekt ______.,aufgerichtet,ausgerichtet,berichtet,eingerichtet,ausgerichtet,ausrichten,richtete aus,định hướng; nhắn lại,Buổi lễ đã được tổ chức hoàn hảo.,orientieren,
15,Perfekt (Partizip II),,Nach dem Unfall ist sie langsam wieder ______.,überwacht,erwachsen,erwacht,aufgewacht,erwacht,erwachen,erwachte,thức tỉnh (trang trọng),"Sau vụ tai nạn, cô ấy đã từ từ tỉnh lại.",aufwachen,eingeschlafen (ngủ thiếp đi)
16,Perfekt (Partizip II),,Der Teppich wurde im ganzen Raum ______.,ausgelegt,verlegt,eingelegt,angelegt,ausgelegt,auslegen,legte aus,trải ra; giải thích,Tấm thảm đã được trải khắp căn phòng.,interpretieren,
17,Perfekt (Partizip II),,Der Arzt hat mir ein Medikament ______.,unterschrieben,beschrieben,aufgeschrieben,verschrieben,verschrieben,verschreiben,verschrieb,kê đơn (thuốc),Bác sĩ đã kê đơn thuốc cho tôi.,verordnen,
18,Perfekt (Partizip II),,Der Unterricht ist heute wegen Krankheit ______.,befallen,ausgefallen,eingefallen,verfallen,ausgefallen,ausfallen,fiel aus,bị hủy; rụng,Hôm nay buổi học đã bị hủy vì lý do ốm đau.,entfallen,stattgefunden (diễn ra)
19,Perfekt (Partizip II),,Er hat sie zu einer schlechten Entscheidung ______.,verführt,angeführt,aufgeführt,eingeführt,verführt,verführen,verführte,"quyến rũ, lôi kéo",Anh ấy đã dụ dỗ cô ấy đưa ra một quyết định sai lầm.,verlocken,
20,Perfekt (Partizip II),,Wir haben die Idee erfolgreich ______.,aufgesetzt,fortgesetzt,umgesetzt,versetzt,umgesetzt,umsetzen,setzte um,thực hiện; chuyển đổi,Chúng tôi đã thực hiện ý tưởng đó thành công.,realisieren,
21,Perfekt (Partizip II),,Der Zug ist pünktlich in den Bahnhof ______.,befahren,aufgefahren,abgefahren,eingefahren,eingefahren,einfahren,fuhr ein,tiến vào (ga),Tàu đã vào ga đúng giờ.,hineinfahren,ausgefahren (chạy ra)
22,Perfekt (Partizip II),,Er hat das Fenster ______.,aufgemacht,mitgemacht,angemacht,weitergemacht,aufgemacht,aufmachen,machte auf,mở ra,Anh ấy đã mở cửa sổ.,öffnen,zugemacht (đóng)
23,Perfekt (Partizip II),,Der Hund wurde vor dem Laden ______.,verbunden,angebunden,eingebunden,losgebunden,angebunden,anbinden,band an,buộc vào,Con chó đã được buộc trước cửa hàng.,festbinden,losgebunden (tháo dây)
24,Perfekt (Partizip II),,Er ist bei einer großen Firma ______.,vorgestellt,angestellt,abgestellt,aufgestellt,angestellt,anstellen,stellte an,thuê nhân viên; bật máy,Anh ấy được tuyển dụng ở một công ty lớn.,einstellen,entlassen (sa thải)
25,Perfekt (Partizip II),,Ich habe dich gestern Abend ______.,widerrufen,aufgerufen,ausgerufen,angerufen,angerufen,anrufen,rief an,gọi điện,Tối qua tôi đã gọi điện cho bạn.,telefonieren,
26,Perfekt (Partizip II),,Er hat bei der Anmeldung falsche Daten ______.,vergeben,aufgegeben,zurückgegeben,angegeben,angegeben,angeben,gab an,khai báo; khoe khoang,Anh ấy đã khai sai thông tin khi đăng ký.,erwähnen,
27,Perfekt (Partizip II),,Die Kinder haben dem Spiel begeistert ______.,weggeschaut,zugeschaut,angeschaut,zerschnitten,zugeschaut,zuschauen,schaute zu,"xem, quan sát",Bọn trẻ đã hào hứng theo dõi trận đấu.,beobachten,mitgemacht (tham gia)
28,Perfekt (Partizip II),,Der Fotograf hat den Moment ______.,festgehalten,abgehalten,angehalten,behalten,festgehalten,festhalten,hielt fest,giữ chặt; ghi lại,Nhiếp ảnh gia đã ghi lại khoảnh khắc đó.,greifen,losgelassen (buông ra)
29,Perfekt (Partizip II),,Wir haben das Treffen um eine Woche ______.,hergestellt,eingestellt,zurückgestellt,bestellt,zurückgestellt,zurückstellen,stellte zurück,hoãn lại; đặt lại chỗ cũ,Chúng tôi đã hoãn buổi gặp mặt lại một tuần.,verschieben,vorgezogen (đẩy sớm lên)
30,Perfekt (Partizip II),,Mein Reisepass ist leider schon ______.,aufgelaufen,abgelaufen,verlaufen,ausgelaufen,abgelaufen,ablaufen,lief ab,hết hạn; diễn ra,Tiếc là hộ chiếu của tôi đã hết hạn.,verfallen,
31,Perfekt (Partizip II),,Er hat seine Meinung am Ende ______.,durchgesetzt,umgesetzt,aufgesetzt,besetzt,durchgesetzt,durchsetzen,setzte durch,thực thi; đạt được,Cuối cùng anh ấy đã bảo vệ được quan điểm của mình.,erzwingen,nachgegeben (nhượng bộ)
32,Perfekt (Partizip II),,Mein neuer Pullover ist beim Waschen ______.,weggelaufen,eingelaufen,ausgelaufen,aufgelaufen,eingelaufen,einlaufen,lief ein,co lại (vải); vào bến,Chiếc áo len mới của tôi đã bị co lại khi giặt.,schrumpfen,
33,Perfekt (Partizip II),,Der Lehrer hat den Fehler leider ______.,eingesehen,nachgesehen,angesehen,übersehen,übersehen,übersehen,übersah,bỏ sót,Tiếc là thầy giáo đã bỏ sót lỗi đó.,nicht bemerken,bemerkt (nhận ra)
34,Perfekt (Partizip II),,Die Klasse wurde in vier Gruppen ______.,zerteilt,eingeteilt,verteilt,mitgeteilt,eingeteilt,einteilen,teilte ein,chia thành phần; sắp xếp,Lớp học đã được chia thành bốn nhóm.,gliedern,
35,Perfekt (Partizip II),,Der Hund wurde endlich ______.,verlassen,zugelassen,losgelassen,eingelassen,losgelassen,loslassen,ließ los,buông ra,Cuối cùng con chó đã được thả ra.,freilassen,festgehalten (giữ chặt)
36,Perfekt (Partizip II),,Der Diebstahl wurde der Polizei ______.,vorgezeigt,angezeigt,kennengelernt,aufgezeigt,angezeigt,anzeigen,zeigte an,báo cáo (công an); hiển thị,Vụ trộm cắp đã được báo cho cảnh sát.,melden,
37,Perfekt (Partizip II),,Im Zoo ist ein Löwe ______.,zerbrochen,abgebrochen,ausgebrochen,aufgebrochen,ausgebrochen,ausbrechen,brach aus,bùng nổ; thoát khỏi,Một con sư tử đã sổng chuồng ở sở thú.,entkommen,
38,Perfekt (Partizip II),,Er hat bei der Party ziemlich ______.,ausgeschnitten,abgeschnitten,aufgeschnitten,zerschnitten,aufgeschnitten,aufschneiden,schnitt auf,cắt mở; (khẩu ngữ) nói khoác,Anh ấy đã khá khoác lác tại bữa tiệc.,öffnen,
39,Perfekt (Partizip II),,Ich habe den Vertrag genau ______.,ausgelesen,vorgelesen,durchgelesen,verlesen,durchgelesen,durchlesen,las durch,"đọc kỹ, đọc hết",Tôi đã đọc kỹ toàn bộ hợp đồng.,studieren,überflogen (đọc lướt)
40,Perfekt (Partizip II),,Das Zimmer ist mit allem Nötigen ______.,übersehen,versehen,nachgesehen,ausgesehen,versehen,versehen,versah,trang bị; đảm nhận,Căn phòng được trang bị đầy đủ những thứ cần thiết.,ausstatten,
41,Perfekt (Partizip II),,Er hat sich seinen größten Traum ______.,ausgefüllt,erfüllt,eingefüllt,eingezogen,erfüllt,erfüllen,erfüllte,"hoàn thành, đáp ứng",Anh ấy đã thực hiện được giấc mơ lớn nhất của mình.,verwirklichen,
42,Perfekt (Partizip II),,Meine Eltern sind über Ostern ______.,umgeschrieben,abgereist,verreist,zerbrochen,verreist,verreisen,verreiste,đi du lịch xa,Bố mẹ tôi đã đi du lịch xa vào dịp lễ Phục sinh.,wegfahren,zu Hause geblieben (ở nhà)
43,Perfekt (Partizip II),,Der Teller ist beim Spülen ______.,eingeschlagen,ausgeschlagen,zerschlagen,vorgeschlagen,zerschlagen,zerschlagen,zerschlug,đập tan,Chiếc đĩa đã vỡ tan khi rửa.,zertrümmern,
44,Perfekt (Partizip II),,Sie hat ihren Plan schließlich ______.,eingegeben,aufgegeben,zugegeben,ausgegeben,aufgegeben,aufgeben,gab auf,từ bỏ; gửi thư,Cuối cùng cô ấy đã từ bỏ kế hoạch của mình.,verzichten,weitergemacht (tiếp tục)
45,Perfekt (Partizip II),,Er ist sehr freundlich mit den Kunden ______.,aufgegangen,umgegangen,ausgegangen,zugegangen,umgegangen,umgehen,ging um,đối xử (với ai đó),Anh ấy đã đối xử rất thân thiện với khách hàng.,behandeln,
46,Perfekt (Partizip II),,Wir haben bei dem Spiel alle ______.,weitergemacht,mitgemacht,angemacht,nachgemacht,mitgemacht,mitmachen,machte mit,tham gia,Tất cả chúng tôi đều đã tham gia trò chơi đó.,teilnehmen,ferngeblieben (đứng ngoài)
47,Perfekt (Partizip II),,"Wir sind gestern Abend ______, um zu feiern.",umgegangen,ausgegangen,angegangen,vergangen,ausgegangen,ausgehen,ging aus,đi chơi; kết thúc ra sao,Tối qua chúng tôi đã đi chơi để ăn mừng.,enden,zu Hause geblieben (ở nhà)
48,Perfekt (Partizip II),,Das alte Haus wurde völlig ______.,verbaut,aufgebaut,umgebaut,eingebaut,umgebaut,umbauen,baute um,cải tạo,Ngôi nhà cũ đã được cải tạo hoàn toàn.,renovieren,
49,Perfekt (Partizip II),,Meine Schwester ist zum Konzert ______.,angekommen,bekommen,zurückgekommen,mitgekommen,mitgekommen,mitkommen,kam mit,đi cùng,Em gái tôi đã đi cùng đến buổi hòa nhạc.,begleiten,zurückgeblieben (ở lại)
50,Perfekt (Partizip II),,Er hat dem Chef den Bericht ______.,ausgelegt,vorgelegt,angelegt,eingelegt,vorgelegt,vorlegen,legte vor,trình bày; đưa ra,Anh ấy đã trình báo cáo cho sếp.,präsentieren,
51,Perfekt (Partizip II),,Ich habe ein neues Restaurant ______.,vorgeschlagen,angeschlagen,eingeschlagen,aufgeschlagen,vorgeschlagen,vorschlagen,schlug vor,đề xuất,Tôi đã đề xuất một nhà hàng mới.,empfehlen,abgelehnt (từ chối)
52,Perfekt (Partizip II),,Er hat den Vorsprung wieder ______.,umgeworfen,eingeholt,abgeholt,erholt,eingeholt,einholen,holte ein,bắt kịp; xin (phép),Anh ấy đã bắt kịp lại khoảng cách dẫn trước.,nachholen,zurückgefallen (tụt lại)
53,Perfekt (Partizip II),,Die Mutter hat das Kind im Bett ______.,bedeckt,abgedeckt,zugedeckt,entdeckt,zugedeckt,zudecken,deckte zu,đắp (chăn),Người mẹ đã đắp chăn cho đứa trẻ trên giường.,verhüllen,aufgedeckt (mở ra)
54,Perfekt (Partizip II),,"Sie hat sofort ______, als das Gespräch unangenehm wurde.",eingelegt,verlegt,ausgelegt,aufgelegt,aufgelegt,auflegen,legte auf,đặt lên; gác máy,Cô ấy đã gác máy ngay khi cuộc trò chuyện trở nên khó chịu.,(Telefonat) beenden,
55,Perfekt (Partizip II),,Der Autor hat die Landschaft sehr genau ______.,abgeschrieben,verschrieben,umgeschrieben,beschrieben,beschrieben,beschreiben,beschrieb,miêu tả,Tác giả đã miêu tả phong cảnh rất chi tiết.,darstellen,
56,Perfekt (Partizip II),,Sie hat ihre Gefühle klar ______.,eingedrückt,bedrückt,ausgedrückt,unterdrückt,ausgedrückt,ausdrücken,drückte aus,"diễn đạt, bày tỏ",Cô ấy đã bày tỏ cảm xúc của mình một cách rõ ràng.,äußern,verborgen (che giấu)
57,Perfekt (Partizip II),,Alle Mitarbeiter haben sich im Konferenzraum ______.,eingesammelt,versammelt,verfallen,eingesetzt,versammelt,versammeln,versammelte,tập hợp lại,Tất cả nhân viên đã tập trung tại phòng họp.,zusammenkommen,zerstreut (giải tán)
58,Perfekt (Partizip II),,Wir haben ihn schon lange ______.,erwartet,unterlegen,abgewartet,weggelaufen,erwartet,erwarten,erwartete,mong đợi,Chúng tôi đã mong đợi anh ấy từ lâu.,hoffen auf,
59,Perfekt (Partizip II),,Wir haben den Vertrag gestern ______.,aufgeschrieben,abgeschrieben,beschrieben,unterschrieben,unterschrieben,unterschreiben,unterschrieb,ký tên,Hôm qua chúng tôi đã ký hợp đồng.,signieren,
60,Perfekt (Partizip II),,Er hat das Licht im Flur ______.,weitergemacht,zugemacht,aufgemacht,angemacht,angemacht,anmachen,machte an,bật (đèn); (khẩu ngữ) tán tỉnh,Anh ấy đã bật đèn ở hành lang.,einschalten,ausgemacht (tắt)
61,Perfekt (Partizip II),,Der Agent hat das Telefonat heimlich ______.,angehört,zugehört,abgehört,aufgehört,abgehört,abhören,hörte ab,nghe lén; kiểm tra bài,Điệp viên đã bí mật nghe lén cuộc gọi điện thoại.,belauschen,
62,Perfekt (Partizip II),,Das Finale wurde im großen Stadion ______.,ausgetragen,übertragen,vertragen,beigetragen,ausgetragen,austragen,trug aus,"giao (báo, hàng); tổ chức (giải đấu)",Trận chung kết đã được tổ chức tại sân vận động lớn.,verteilen,
63,Perfekt (Partizip II),,Er hat sich in der Stadt sehr gut ______.,bekannt,kennengelernt,ausgekannt,erkannt,ausgekannt,auskennen,kannte aus,"rành, thông thạo về",Anh ấy rất rành thành phố này.,Bescheid wissen,nicht ausgekannt (không rành)
64,Perfekt (Partizip II),,Der Kollege hat mich während des Urlaubs ______.,ausgetreten,vertreten,eingetreten,aufgetreten,vertreten,vertreten,vertrat,đại diện cho; thay thế,Đồng nghiệp đã thay thế tôi trong thời gian nghỉ phép.,repräsentieren,
65,Perfekt (Partizip II),,Er hat seine Schuhe vor der Tür ______.,abgezogen,angezogen,verzogen,ausgezogen,ausgezogen,ausziehen,zog aus,cởi đồ; chuyển ra khỏi nhà,Anh ấy đã cởi giày trước cửa.,entkleiden,angezogen (mặc đồ)
66,Perfekt (Partizip II),,Er hat tief die frische Luft ______.,angemacht,berichtet,eingeatmet,ausgeatmet,eingeatmet,einatmen,atmete ein,hít vào,Anh ấy đã hít thở sâu bầu không khí trong lành.,inhalieren,ausgeatmet (thở ra)
67,Perfekt (Partizip II),,Ein Fehler kann nie ganz ______ werden.,ausgeschlossen,verschlossen,angeschlossen,beschlossen,ausgeschlossen,ausschließen,schloss aus,loại trừ,Sai sót không bao giờ có thể bị loại trừ hoàn toàn.,eliminieren,eingeschlossen (bao gồm)
68,Perfekt (Partizip II),,Der Experte hat die Risiken deutlich ______.,angezeigt,vorgezeigt,aufgesetzt,aufgezeigt,aufgezeigt,aufzeigen,zeigte auf,"chỉ ra, nêu rõ",Chuyên gia đã chỉ rõ những rủi ro.,darlegen,verborgen (che giấu)
69,Perfekt (Partizip II),,Das Pferd hat plötzlich ______.,ausgeschlagen,angeschlagen,zerschlagen,abgeschlagen,ausgeschlagen,ausschlagen,schlug aus,từ chối; đá (ngựa),Con ngựa bỗng nhiên đá hậu.,ablehnen,angenommen (chấp nhận)
70,Perfekt (Partizip II),,Der Zeuge ist von der Polizei ______ worden.,benommen,angenommen,zugenommen,vernommen,vernommen,vernehmen,vernahm,thẩm vấn; nghe thấy,Nhân chứng đã bị cảnh sát thẩm vấn.,"verhören, hören",
71,Perfekt (Partizip II),,Die Vase ist beim Umzug ______.,zerbrochen,unterbrochen,aufgebrochen,abgebrochen,zerbrochen,zerbrechen,zerbrach,vỡ tan,Chiếc bình đã bị vỡ khi chuyển nhà.,kaputtgehen,
72,Perfekt (Partizip II),,Die Katze ist vor Angst ______.,abgelaufen,verlaufen,weggelaufen,zugelaufen,weggelaufen,weglaufen,lief weg,chạy trốn,Con mèo đã chạy trốn vì sợ hãi.,fliehen,geblieben (ở lại)
73,Perfekt (Partizip II),,Alle Mitarbeiter wurden in das Projekt ______.,angebunden,losgebunden,verbunden,eingebunden,eingebunden,einbinden,band ein,tích hợp vào,Tất cả nhân viên đã được đưa vào dự án.,integrieren,ausgeschlossen (loại trừ)
74,Perfekt (Partizip II),,Die neue Methode wurde erfolgreich ______.,zugewendet,angewendet,abgewendet,verwendet,angewendet,anwenden,wendete an,áp dụng,Phương pháp mới đã được áp dụng thành công.,einsetzen,
75,Perfekt (Partizip II),,Der Sieger wurde offiziell ______.,aufgerufen,ausgerufen,widerrufen,angerufen,ausgerufen,ausrufen,rief aus,"hô to, tuyên bố",Người chiến thắng đã được công bố chính thức.,verkünden,
76,Perfekt (Partizip II),,Ich habe das Buch endlich ______.,verlesen,durchgelesen,vorgelesen,ausgelesen,ausgelesen,auslesen,las aus,đọc xong; chọn lọc,Cuối cùng tôi đã đọc xong quyển sách.,fertiglesen,
77,Perfekt (Partizip II),,Er hat das Problem mutig ______.,eingepackt,bezogen,ausgepackt,angepackt,angepackt,anpacken,packte an,bắt tay vào việc; nắm lấy,Anh ấy đã can đảm bắt tay giải quyết vấn đề.,angehen,
78,Perfekt (Partizip II),,Er hat leider seinen Zug ______.,aufgepasst,besessen,verpasst,angepasst,verpasst,verpassen,verpasste,bỏ lỡ,Tiếc là anh ấy đã lỡ chuyến tàu.,versäumen,erreicht (bắt kịp/đạt được)
79,Perfekt (Partizip II),,Der Plan wurde am Ende komplett ______.,eingeworfen,verworfen,angeworfen,umgeworfen,verworfen,verwerfen,verwarf,bác bỏ,Kế hoạch cuối cùng đã bị bác bỏ hoàn toàn.,ablehnen,angenommen (chấp nhận)
80,Perfekt (Partizip II),,Das Kind hat die Stimme des Lehrers ______.,angemacht,zugemacht,weitergemacht,nachgemacht,nachgemacht,nachmachen,machte nach,bắt chước,Đứa trẻ đã bắt chước giọng của thầy giáo.,imitieren,
81,Perfekt (Partizip II),,Der Patient hat die Tabletten pünktlich ______.,angenommen,abgenommen,eingenommen,vernommen,eingenommen,einnehmen,nahm ein,uống thuốc; chiếm,Bệnh nhân đã uống thuốc đúng giờ.,schlucken,
82,Perfekt (Partizip II),,Ich habe das Passwort falsch ______.,zugegeben,zurückgegeben,eingegeben,abgegeben,eingegeben,eingeben,gab ein,nhập dữ liệu,Tôi đã nhập sai mật khẩu.,eintippen,gelöscht (xóa)
83,Perfekt (Partizip II),,Ich habe seinen Vorschlag gern ______.,aufgenommen,teilgenommen,abgenommen,angenommen,angenommen,annehmen,nahm an,chấp nhận; cho rằng,Tôi đã vui vẻ chấp nhận đề nghị của anh ấy.,"akzeptieren, vermuten",abgelehnt (từ chối)
84,Perfekt (Partizip II),,Sie hat ihre Teilnahme schon ______.,abgesagt,vorausgesagt,zugesagt,ausgesagt,zugesagt,zusagen,sagte zu,"đồng ý, nhận lời",Cô ấy đã đồng ý tham gia rồi.,zustimmen,abgesagt (từ chối/hủy)
85,Perfekt (Partizip II),,Man hat ihm Unehrlichkeit ______.,vorgeworfen,aufgeworfen,umgeworfen,verworfen,vorgeworfen,vorwerfen,warf vor,buộc tội; trách móc,Người ta đã buộc tội anh ấy không trung thực.,beschuldigen,gelobt (khen ngợi)
86,Perfekt (Partizip II),,Der Forscher hat ein neues Medikament ______.,entdeckt,zugedeckt,aufgedeckt,bedeckt,entdeckt,entdecken,entdeckte,"khám phá, phát hiện",Nhà nghiên cứu đã phát hiện ra một loại thuốc mới.,herausfinden,
87,Perfekt (Partizip II),,Der Drucker wurde an den Computer ______.,eingeschlossen,verschlossen,beschlossen,angeschlossen,angeschlossen,anschließen,schloss an,kết nối,Máy in đã được kết nối với máy tính.,verbinden,getrennt (ngắt kết nối)
88,Perfekt (Partizip II),,Die Sonne ist heute um sechs Uhr ______.,eingegangen,zugegangen,begangen,aufgegangen,aufgegangen,aufgehen,ging auf,mọc (mặt trời),Hôm nay mặt trời đã mọc lúc sáu giờ.,sich öffnen,untergegangen (lặn - mặt trời)
89,Perfekt (Partizip II),,Sie hat Wasser in die Flasche ______.,erfüllt,ausgefüllt,eingefüllt,ausgeschaltet,eingefüllt,einfüllen,füllte ein,"đổ vào, rót vào",Cô ấy đã rót nước vào chai.,hineingießen,ausgeleert (đổ ra hết)
90,Perfekt (Partizip II),,Der Vertrag wurde nur leicht ______.,verlesen,abgeändert,verändert,ausgesucht,abgeändert,abändern,änderte ab,"sửa đổi (nhỏ, chi tiết)",Hợp đồng chỉ được sửa đổi một chút.,modifizieren,
91,Perfekt (Partizip II),,Diese Regel ist inzwischen ______.,weggefallen,verfallen,befallen,eingefallen,weggefallen,wegfallen,fiel weg,bị bỏ đi; mất đi,Quy định này giờ đã không còn áp dụng nữa.,entfallen,bestehen geblieben (vẫn tồn tại)
92,Perfekt (Partizip II),,Trotz der Probleme haben wir ______.,zugemacht,weitergemacht,ausgemacht,mitgemacht,weitergemacht,weitermachen,machte weiter,tiếp tục làm,"Bất chấp khó khăn, chúng tôi vẫn tiếp tục.",fortsetzen,aufgehört (dừng lại)
93,Perfekt (Partizip II),,Wir haben alle am Wettbewerb ______.,teilgenommen,angenommen,abgenommen,zugenommen,teilgenommen,teilnehmen,nahm teil,tham gia,Tất cả chúng tôi đã tham gia cuộc thi.,mitmachen,ferngeblieben (vắng mặt)
94,Perfekt (Partizip II),,"Die Mutter hat schließlich ______ und ihm erlaubt, auszugehen.",vergeben,abgegeben,nachgegeben,angegeben,nachgegeben,nachgeben,gab nach,nhượng bộ,Cuối cùng người mẹ đã nhượng bộ và cho phép cậu bé ra ngoài.,einlenken,durchgesetzt (kiên quyết)
95,Perfekt (Partizip II),,Wir haben den Termin schon vorher ______.,abgesprochen,versprochen,besprochen,angesprochen,abgesprochen,absprechen,sprach ab,thỏa thuận trước,Chúng tôi đã thỏa thuận lịch hẹn từ trước.,vereinbaren,
96,Perfekt (Partizip II),,Der Termin wurde für Montag ______.,verlegt,festgelegt,vorgelegt,belegt,festgelegt,festlegen,legte fest,quy định; ấn định,Lịch hẹn đã được ấn định vào thứ Hai.,bestimmen,
97,Perfekt (Partizip II),,Die Band hat ein neues Lied ______.,weggefahren,abgespielt,vorgespielt,mitgespielt,abgespielt,abspielen,spielte ab,"phát (nhạc, video)",Ban nhạc đã phát một bài hát mới.,wiedergeben,
98,Perfekt (Partizip II),,Das Dachgeschoss wurde zu einer Wohnung ______.,bebaut,ausgebaut,eingebaut,aufgebaut,ausgebaut,ausbauen,baute aus,mở rộng; tháo ra,Tầng áp mái đã được cải tạo thành căn hộ.,erweitern,abgebaut (thu hẹp)
99,Perfekt (Partizip II),,Sie hat ihre Brille ______ und angefangen zu lesen.,aufgesetzt,versetzt,durchgesetzt,fortgesetzt,aufgesetzt,aufsetzen,setzte auf,đội (mũ); soạn văn bản,Cô ấy đã đeo kính lên và bắt đầu đọc.,anziehen (mũ),abgenommen (tháo ra)
100,Perfekt (Partizip II),,Wir haben uns letztes Jahr ______.,erkannt,kennengelernt,ausgekannt,bekannt,kennengelernt,kennenlernen,lernte kennen,làm quen,Chúng tôi đã làm quen với nhau vào năm ngoái.,sich vorstellen lassen,
101,Perfekt (Partizip II),,Die Mutter hat das Baby warm ______.,aufgepasst,angenommen,verkleidet,angekleidet,angekleidet,ankleiden,kleidete an,mặc quần áo (trang trọng),Người mẹ đã mặc ấm cho em bé.,sich anziehen,ausgezogen (cởi đồ)
102,Perfekt (Partizip II),,Der Journalist hat über den Unfall ______.,verrichtet,eingerichtet,berichtet,aufgerichtet,berichtet,berichten,berichtete,"báo cáo, tường thuật",Nhà báo đã tường thuật về vụ tai nạn.,erzählen,
103,Perfekt (Partizip II),,Alle Kosten sind von der Versicherung ______.,abgedeckt,zugedeckt,bedeckt,entdeckt,abgedeckt,abdecken,deckte ab,che phủ; bao gồm,Mọi chi phí đều được bảo hiểm chi trả.,absichern,
104,Perfekt (Partizip II),,Zum Zeitpunkt des Unfalls hat er sich im Ausland ______.,befunden,erfunden,fortgesetzt,verbunden,befunden,befinden,befand,"ở, nằm tại (vị trí)","Vào thời điểm xảy ra tai nạn, anh ấy đang ở nước ngoài.",sich aufhalten,
105,Perfekt (Partizip II),,Das Telefon wurde vor über hundert Jahren ______.,eingesetzt,erfunden,befunden,versammelt,erfunden,erfinden,erfand,"phát minh, bịa ra",Điện thoại đã được phát minh cách đây hơn một trăm năm.,entwickeln,
106,Perfekt (Partizip II),,Das Fleisch wurde in kleine Stücke ______.,mitgeteilt,zerteilt,verteilt,eingeteilt,zerteilt,zerteilen,zerteilte,"chia nhỏ, cắt vụn",Thịt đã được cắt thành từng miếng nhỏ.,zerschneiden,zusammengefügt (ghép lại)
107,Perfekt (Partizip II),,Die Firma hat drei neue Mitarbeiter ______.,eingestellt,dargestellt,abgestellt,vorgestellt,eingestellt,einstellen,stellte ein,tuyển dụng; cài đặt,Công ty đã tuyển ba nhân viên mới.,anstellen,entlassen (sa thải)
108,Perfekt (Partizip II),,Der Verdächtige hat sich schließlich ______.,erkannt,kennengelernt,ausgekannt,bekannt,bekannt,bekennen,bekannte,thú nhận,Cuối cùng nghi phạm đã thú nhận.,gestehen,geleugnet (chối bỏ)
109,Perfekt (Partizip II),,Die Kinder haben ein Zelt im Garten ______.,bestellt,festgestellt,aufgestellt,hergestellt,aufgestellt,aufstellen,stellte auf,dựng lên; lập kế hoạch,Bọn trẻ đã dựng một cái lều trong vườn.,errichten,abgebaut (tháo dỡ)
110,Perfekt (Partizip II),,Jeder Mitarbeiter hat zum Erfolg des Projekts ______.,beigetragen,ausgetragen,betragen,vertragen,beigetragen,beitragen,trug bei,đóng góp,Mỗi nhân viên đều đã đóng góp vào thành công của dự án.,mitwirken,
111,Perfekt (Partizip II),,Ich habe diese Frage in der Prüfung ______.,ausgelassen,angelassen,losgelassen,verlassen,ausgelassen,auslassen,ließ aus,bỏ qua,Tôi đã bỏ qua câu hỏi đó trong bài thi.,weglassen,einbezogen (bao gồm vào)
112,Perfekt (Partizip II),,Ich habe noch einmal im Wörterbuch ______.,übersehen,vorgesehen,nachgesehen,zugesehen,nachgesehen,nachsehen,sah nach,kiểm tra lại,Tôi đã tra lại một lần nữa trong từ điển.,überprüfen,
113,Perfekt (Partizip II),,Sie hat sich ihrem Freund voller Sorge ______.,zugewendet,abgewendet,angewendet,verwendet,zugewendet,sich zuwenden,wendete zu,"hướng về, quan tâm đến",Cô ấy đã hướng về bạn trai mình với đầy lo lắng.,sich widmen,abgewendet (quay lưng đi)
114,Perfekt (Partizip II),,Der Zug ist pünktlich ______.,weggekommen,mitgekommen,angekommen,vorgekommen,angekommen,ankommen,kam an,đến nơi,Tàu đã đến đúng giờ.,eintreffen,abgefahren (khởi hành)
115,Perfekt (Partizip II),,Wir haben uns die Bilder gemeinsam ______.,weggeschaut,angeschaut,verreist,zugeschaut,angeschaut,anschauen,schaute an,nhìn ngắm,Chúng tôi đã cùng nhau xem những bức ảnh.,betrachten,
116,Perfekt (Partizip II),,Ich habe mir seine Geschichte geduldig ______.,abgehört,gehört,zugehört,angehört,angehört,anhören,hörte an,nghe qua; nghe có vẻ,Tôi đã kiên nhẫn nghe câu chuyện của anh ấy.,klingen,
117,Perfekt (Partizip II),,Ich habe die Tür fest ______.,aufgemacht,nachgemacht,zugemacht,ausgemacht,zugemacht,zumachen,machte zu,đóng lại,Tôi đã đóng chặt cửa lại.,schließen,aufgemacht (mở)
118,Perfekt (Partizip II),,Die Bergsteiger haben den Gipfel ______.,ausgestiegen,aufgestiegen,bestiegen,eingestiegen,bestiegen,besteigen,bestieg,"leo lên (núi, xe)",Những người leo núi đã chinh phục đỉnh núi.,hinaufklettern,
119,Perfekt (Partizip II),,Er hat den Wasserhahn am Ende wieder ______.,umgedreht,abgedreht,verdreht,angedreht,abgedreht,abdrehen,drehte ab,vặn tắt; đổi hướng,Cuối cùng anh ấy đã vặn tắt vòi nước lại.,ausschalten,angedreht (mở vòi)
120,Perfekt (Partizip II),,Wir haben dem Spiel gespannt ______.,vorgesehen,zugesehen,nachgesehen,angesehen,zugesehen,zusehen,sah zu,"xem, chứng kiến",Chúng tôi đã hồi hộp theo dõi trận đấu.,beobachten,eingegriffen (can thiệp)
121,Perfekt (Partizip II),,Der Dieb hat ihr die Tasche ______.,weggenommen,aufgenommen,angenommen,eingenommen,weggenommen,wegnehmen,nahm weg,lấy đi,Tên trộm đã giật lấy túi xách của cô ấy.,entfernen,gegeben (cho)
122,Perfekt (Partizip II),,Ich habe gestern ein Paket ______.,bekommen,mitgekommen,vorgekommen,zurückgekommen,bekommen,bekommen,bekam,nhận được,Hôm qua tôi đã nhận được một gói hàng.,"erhalten, kriegen",gegeben (cho)
123,Perfekt (Partizip II),,Ich habe im Winter leider etwas ______.,vernommen,benommen,zugenommen,angenommen,zugenommen,zunehmen,nahm zu,tăng cân/tăng lên,Tiếc là tôi đã tăng cân một chút vào mùa đông.,steigen,abgenommen (giảm cân)
124,Perfekt (Partizip II),,Er hat die Gruppe bis zum Ziel ______.,angeführt,eingeführt,durchgeführt,aufgeführt,angeführt,anführen,führte an,dẫn đầu; trích dẫn,Anh ấy đã dẫn dắt nhóm đến đích.,leiten,gefolgt (đi theo)
125,Perfekt (Partizip II),,Sie hat ihre neue Stelle letzten Monat ______.,vertreten,übertreten,aufgetreten,angetreten,angetreten,antreten,trat an,bắt đầu công việc; xếp hàng,Tháng trước cô ấy đã bắt đầu công việc mới.,beginnen,gekündigt (từ chức)
126,Perfekt (Partizip II),,Er hat das Licht vor dem Schlafen ______.,umgeschaltet,zerteilt,eingeschaltet,ausgeschaltet,ausgeschaltet,ausschalten,schaltete aus,tắt (thiết bị),Anh ấy đã tắt đèn trước khi ngủ.,abstellen,eingeschaltet (bật)
127,Perfekt (Partizip II),,Er hat den Motor im Winter sofort ______.,verlassen,losgelassen,eingelassen,angelassen,angelassen,anlassen,ließ an,để máy chạy; khởi động,Vào mùa đông anh ấy đã khởi động động cơ ngay lập tức.,starten,abgestellt (tắt)
128,Perfekt (Partizip II),,Jemand hat den Stuhl ______.,eingestellt,verstellt,abgestellt,aufgestellt,verstellt,verstellen,verstellte,điều chỉnh; giả vờ,Ai đó đã chỉnh lại vị trí chiếc ghế.,verändern,
129,Perfekt (Partizip II),,Sie sind früh am Morgen ______.,weggefahren,verfahren,befahren,aufgefahren,weggefahren,wegfahren,fuhr weg,lái xe đi,Họ đã lái xe đi từ sáng sớm.,abreisen,geblieben (ở lại)
130,Perfekt (Partizip II),,Der Techniker hat die Maschine wieder ______.,abgeworfen,angeworfen,eingeworfen,vorgeworfen,angeworfen,anwerfen,warf an,khởi động máy,Kỹ thuật viên đã khởi động lại cỗ máy.,starten,abgestellt (tắt máy)
131,Perfekt (Partizip II),,Ich bin schnell in den Bus ______.,eingestiegen,abgestiegen,bestiegen,aufgestiegen,eingestiegen,einsteigen,stieg ein,lên xe,Tôi đã nhanh chóng lên xe buýt.,betreten,ausgestiegen (xuống xe)
132,Perfekt (Partizip II),,Ich habe mein Fahrrad vor dem Haus ______.,aufgestellt,zurückgestellt,eingestellt,abgestellt,abgestellt,abstellen,stellte ab,tắt; đỗ xe,Tôi đã để xe đạp trước nhà.,ausschalten,angeschaltet (bật)
133,Perfekt (Partizip II),,Das Auto hat die Tür beim Unfall ______.,bedrückt,eingedrückt,unterdrückt,ausgedrückt,eingedrückt,eindrücken,drückte ein,"làm móp, ấn vào",Chiếc xe đã làm móp cánh cửa trong vụ tai nạn.,einbeulen,
134,Perfekt (Partizip II),,Ich bin mit meinem Kollegen ______.,mitgefahren,ausgefahren,befahren,verfahren,mitgefahren,mitfahren,fuhr mit,đi cùng xe,Tôi đã đi nhờ xe cùng đồng nghiệp.,mitkommen,
135,Perfekt (Partizip II),,Wir haben höflich nach dem Preis ______.,angefragt,nachgefragt,befragt,erfunden,angefragt,anfragen,fragte an,hỏi thăm (chính thức),Chúng tôi đã lịch sự hỏi thăm về giá cả.,nachfragen,
136,Perfekt (Partizip II),,Wir haben das Problem ausführlich ______.,besprochen,abgesprochen,ausgesprochen,versprochen,besprochen,besprechen,besprach,thảo luận,Chúng tôi đã thảo luận kỹ về vấn đề đó.,diskutieren,
137,Perfekt (Partizip II),,Diese Regel wurde vor zwei Jahren ______.,eingeführt,durchgeführt,aufgeführt,verführt,eingeführt,einführen,führte ein,giới thiệu; nhập khẩu,Quy định này đã được ban hành hai năm trước.,importieren,abgeschafft (bãi bỏ)
138,Perfekt (Partizip II),,Diese Frage wurde in der Debatte ______.,vorgeworfen,angeworfen,abgeworfen,aufgeworfen,aufgeworfen,aufwerfen,warf auf,đặt ra (câu hỏi),Câu hỏi này đã được đặt ra trong cuộc tranh luận.,stellen,
139,Perfekt (Partizip II),,Er hat mir die schlechte Nachricht sofort ______.,verteilt,zerteilt,eingeteilt,mitgeteilt,mitgeteilt,mitteilen,teilte mit,thông báo,Anh ấy đã báo ngay cho tôi tin xấu đó.,informieren,verschwiegen (giấu kín)
140,Perfekt (Partizip II),,Das Paket wurde schnell ______.,eingebunden,losgebunden,angebunden,verbunden,losgebunden,losbinden,band los,"cởi trói, tháo dây",Gói hàng đã nhanh chóng được tháo dây.,lösen,angebunden (buộc vào)
141,Perfekt (Partizip II),,Die Namen der Gewinner wurden laut ______.,ausgelesen,vorgelesen,verlesen,durchgelesen,verlesen,verlesen,verlas,đọc to (danh sách),Tên của những người chiến thắng đã được đọc to lên.,vorlesen,
142,Perfekt (Partizip II),,Nach dem Unfall ist ein großer Stau ______.,aufgestanden,verstanden,entstanden,bestanden,entstanden,entstehen,entstand,"hình thành, nảy sinh","Sau vụ tai nạn, một vụ kẹt xe lớn đã hình thành.",sich bilden,vergangen (mất đi/trôi qua)
143,Perfekt (Partizip II),,Sie hat das Buch auf Seite zehn ______.,angeschlagen,aufgeschlagen,abgeschlagen,vorgeschlagen,aufgeschlagen,aufschlagen,schlug auf,đập vỡ trứng; mở sách; tăng giá,Cô ấy đã mở sách ra ở trang mười.,öffnen,zugeschlagen (đóng lại)
144,Perfekt (Partizip II),,"Ich habe noch einmal ______, weil ich es nicht verstanden hatte.",angefragt,nachgefragt,vergeben,befragt,nachgefragt,nachfragen,fragte nach,hỏi lại cho rõ,Tôi đã hỏi lại một lần nữa vì chưa hiểu rõ.,sich erkundigen,
145,Perfekt (Partizip II),,Der Täter hat einen schweren Fehler ______.,vergangen,ausgegangen,aufgegangen,begangen,begangen,begehen,beging,"phạm (tội), tổ chức lễ",Thủ phạm đã phạm một sai lầm nghiêm trọng.,verüben (tội),unterlassen (không làm/kiềm chế)
146,Perfekt (Partizip II),,Ich bin heute sehr früh ______.,aufgewacht,erwachsen,erwacht,aufgewachsen,aufgewacht,aufwachen,wachte auf,tỉnh giấc,Hôm nay tôi đã thức giấc rất sớm.,erwachen,eingeschlafen (chìm vào giấc ngủ)
147,Perfekt (Partizip II),,Das Öl ist aus dem Tank ______.,eingelaufen,verlaufen,abgelaufen,ausgelaufen,ausgelaufen,auslaufen,lief aus,chảy ra; hết hạn,Dầu đã bị rò rỉ ra khỏi bình chứa.,herausfließen,
148,Perfekt (Partizip II),,Der Film hat das Thema sehr gut ______.,abgestellt,angestellt,dargestellt,verstellt,dargestellt,darstellen,stellte dar,miêu tả; biểu diễn,Bộ phim đã thể hiện chủ đề này rất tốt.,zeigen,
149,Perfekt (Partizip II),,Ein fremder Hund ist uns einfach ______.,eingelaufen,angelaufen,zugelaufen,weggelaufen,zugelaufen,zulaufen,lief zu,chạy đến,Một con chó lạ đã tự chạy đến với chúng tôi.,sich nähern,weggelaufen (chạy đi)
150,Perfekt (Partizip II),,Ich habe mein Studium letztes Jahr ______.,beschlossen,eingeschlossen,verschlossen,abgeschlossen,abgeschlossen,abschließen,schloss ab,hoàn thành; khóa,Năm ngoái tôi đã hoàn thành việc học đại học.,beenden,angefangen (bắt đầu)
151,Perfekt (Partizip II),,Dieses Haus hat früher meinem Großvater ______.,angehört,gehört,zugehört,aufgehört,gehört,gehören,gehörte,thuộc về,Ngôi nhà này trước đây thuộc về ông tôi.,Eigentum sein von,
152,Perfekt (Partizip II),,Er hat diese Entscheidung gut ______.,überdacht,abgegeben,nachgedacht,bedacht,bedacht,bedenken,bedachte,cân nhắc,Anh ấy đã suy nghĩ kỹ về quyết định này.,überlegen,
153,Perfekt (Partizip II),,Diese Straße darf nicht mit dem Lkw ______ werden.,abgefahren,befahren,aufgefahren,verfahren,befahren,befahren,befuhr,đi trên (đường),Con đường này không được phép cho xe tải đi qua.,nutzen,
154,Perfekt (Partizip II),,Sie hat ihre Heimat vor Jahren ______.,verlassen,ausgelassen,zugelassen,eingelassen,verlassen,verlassen,verließ,rời bỏ,Cô ấy đã rời quê hương từ nhiều năm trước.,weggehen von,geblieben (ở lại)
155,Perfekt (Partizip II),,Unsere Mannschaft ist im Finale klar ______.,vorgelegen,weggekommen,unterlegen,besessen,unterlegen,unterliegen,unterlag,"thua, chịu thua",Đội của chúng tôi đã thua rõ rệt ở trận chung kết.,verlieren,überlegen (vượt trội/thắng)
156,Perfekt (Partizip II),,Der Skandal wurde von einem Journalisten ______.,aufgedeckt,bedeckt,entdeckt,abgedeckt,aufgedeckt,aufdecken,deckte auf,"phanh phui, lật tẩy",Vụ bê bối đã bị một nhà báo phanh phui.,enthüllen,verborgen (che giấu)
157,Perfekt (Partizip II),,Der Motor ist heute Morgen sofort ______.,eingelaufen,zugelaufen,abgelaufen,angelaufen,angelaufen,anlaufen,lief an,khởi động; chạy đến,Sáng nay động cơ đã khởi động ngay lập tức.,beginnen,stehengeblieben (dừng lại)
158,Perfekt (Partizip II),,Wir haben während der Werbung den Kanal ______.,weggelaufen,eingeschaltet,ausgeschaltet,umgeschaltet,umgeschaltet,umschalten,schaltete um,chuyển kênh/chế độ,Chúng tôi đã chuyển kênh trong lúc quảng cáo.,wechseln,
159,Perfekt (Partizip II),,Die Firma hat in zehn Jahren ein großes Netzwerk ______.,aufgebaut,abgebaut,bebaut,eingebaut,aufgebaut,aufbauen,baute auf,xây dựng lên,Công ty đã xây dựng một mạng lưới lớn trong mười năm.,errichten,abgebaut (tháo dỡ)
160,Perfekt (Partizip II),,Ich habe meine Tochter von der Schule ______.,erholt,zerteilt,eingeholt,abgeholt,abgeholt,abholen,holte ab,"đi đón, đi lấy",Tôi đã đón con gái từ trường về.,einsammeln,gebracht (đưa đi)
161,Perfekt (Partizip II),,Die Kameras haben den Parkplatz die ganze Nacht ______.,überwacht,bewacht,erwacht,aufgewachsen,überwacht,überwachen,überwachte,giám sát,Camera đã giám sát bãi đỗ xe suốt đêm.,kontrollieren,
162,Perfekt (Partizip II),,Ein anderes Auto ist hinten ______.,weggefahren,eingefahren,aufgefahren,mitgefahren,aufgefahren,auffahren,fuhr auf,đâm vào phía sau,Một chiếc xe khác đã đâm vào phía sau.,zusammenstoßen,
163,Perfekt (Partizip II),,Der Wind hat den Zaun ______.,angeworfen,aufgeworfen,umgeworfen,weggeworfen,umgeworfen,umwerfen,warf um,làm đổ,Gió đã làm đổ hàng rào.,umstoßen,aufgerichtet (dựng lại)
164,Perfekt (Partizip II),,Die alte Fabrik wurde komplett ______.,aufgebaut,ausgebaut,umgebaut,abgebaut,abgebaut,abbauen,baute ab,tháo dỡ; khai thác,Nhà máy cũ đã được tháo dỡ hoàn toàn.,demontieren,aufgebaut (xây dựng)
165,Perfekt (Partizip II),,Ich habe lange über das Problem ______.,festgehalten,nachgedacht,überdacht,bedacht,nachgedacht,nachdenken,dachte nach,suy nghĩ kỹ,Tôi đã suy nghĩ rất lâu về vấn đề đó.,überlegen,
166,Perfekt (Partizip II),,Ich habe meinen Regenschirm ______.,angenommen,teilgenommen,mitgenommen,benommen,mitgenommen,mitnehmen,nahm mit,mang theo,Tôi đã mang theo ô của mình.,begleiten,zurückgelassen (để lại)
167,Perfekt (Partizip II),,Zu Karneval haben sich alle als Piraten ______.,ausgedrückt,verkleidet,angekleidet,bekommen,verkleidet,verkleiden,verkleidete,"hóa trang, cải trang","Vào dịp lễ hội Carnival, mọi người đã hóa trang thành cướp biển.",sich maskieren,
168,Perfekt (Partizip II),,Der Regen hat uns leider ______.,unterhalten,aufgehalten,abgehalten,behalten,aufgehalten,aufhalten,hielt auf,ngăn cản; giữ chân,Tiếc là cơn mưa đã làm chúng tôi chậm trễ.,hindern,
169,Perfekt (Partizip II),,Mir ist plötzlich eine gute Idee ______.,befallen,weggefallen,eingefallen,aufgefallen,eingefallen,einfallen,fiel ein,nảy ra ý tưởng,Tôi bỗng nảy ra một ý tưởng hay.,in den Sinn kommen,
170,Perfekt (Partizip II),,Sein Angebot wurde höflich ______.,abgeschlagen,aufgeschlagen,vorgeschlagen,ausgeschlagen,abgeschlagen,abschlagen,schlug ab,từ chối; đánh rơi,Đề nghị của anh ấy đã bị từ chối một cách lịch sự.,ablehnen,angenommen (chấp nhận)
171,Perfekt (Partizip II),,Mit achtzehn Jahren gilt man in Deutschland als ______.,bewacht,erwachsen,erwacht,aufgewachsen,erwachsen,erwachsen,erwuchs,trưởng thành (tính từ/động từ),"Ở Đức, tròn mười tám tuổi được coi là trưởng thành.","groß, reif",minderjährig (vị thành niên)
172,Perfekt (Partizip II),,Das Gebäude ist im Laufe der Jahre ______.,befallen,weggefallen,aufgefallen,verfallen,verfallen,verfallen,verfiel,hết hạn; suy tàn,Tòa nhà đã xuống cấp theo năm tháng.,ablaufen,
173,Perfekt (Partizip II),,Der Blitz ist direkt neben uns ______.,zerschlagen,angeschlagen,ausgeschlagen,eingeschlagen,eingeschlagen,einschlagen,schlug ein,đập vào; gói lại,Tia sét đã đánh trúng ngay bên cạnh chúng tôi.,einwickeln,
174,Perfekt (Partizip II),,Sie ist heute Morgen sehr früh ______.,verstanden,entstanden,angestanden,aufgestanden,aufgestanden,aufstehen,stand auf,"thức dậy, đứng dậy",Sáng nay cô ấy đã thức dậy rất sớm.,sich erheben,eingeschlafen (chìm vào giấc ngủ)
175,Perfekt (Partizip II),,Nach dem Urlaub sind wir spät ______.,zurückgekommen,vorgekommen,weggekommen,bekommen,zurückgekommen,zurückkommen,kam zurück,quay trở lại,"Sau kỳ nghỉ, chúng tôi đã quay về muộn.",zurückkehren,weggegangen (đi mất)
176,Perfekt (Partizip II),,Das Konzert wurde leider ______.,zugesagt,abgesagt,ausgesagt,vorausgesagt,abgesagt,absagen,sagte ab,hủy bỏ,Tiếc là buổi hòa nhạc đã bị hủy.,"canceln, stornieren",zugesagt (đồng ý)
177,Perfekt (Partizip II),,Er hat die Hausaufgaben einfach von seinem Freund ______.,beschrieben,verschrieben,aufgeschrieben,abgeschrieben,abgeschrieben,abschreiben,schrieb ab,"chép lại, copy",Anh ấy đã chép bài tập về nhà từ bạn mình.,kopieren,
178,Perfekt (Partizip II),,Die Stadt hat sich in den letzten Jahren stark ______.,verändert,aufgelegt,abgeändert,zugenommen,verändert,verändern,veränderte,thay đổi (toàn diện),Thành phố đã thay đổi nhiều trong những năm gần đây.,umwandeln,
179,Perfekt (Partizip II),,Der Arzt hat einen Fehler ______.,verstellt,hergestellt,festgestellt,abgestellt,festgestellt,feststellen,stellte fest,xác định; nhận ra,Bác sĩ đã phát hiện ra một sai sót.,bemerken,
180,Perfekt (Partizip II),,Dieses Grundstück wurde noch nicht ______.,bebaut,verbaut,aufgebaut,umgebaut,bebaut,bebauen,bebaute,xây dựng trên (đất),Mảnh đất này vẫn chưa được xây dựng.,bepflanzen,
181,Perfekt (Partizip II),,Wir haben uns auf das Risiko ______.,verlassen,eingelassen,losgelassen,angelassen,eingelassen,einlassen,ließ ein,cho vào; dính líu,Chúng tôi đã chấp nhận mạo hiểm đó.,riskieren,abgelehnt (từ chối)
182,Perfekt (Partizip II),,Eine neue Klimaanlage wurde ______.,bebaut,eingebaut,verbaut,abgebaut,eingebaut,einbauen,baute ein,lắp đặt vào,Một chiếc điều hòa mới đã được lắp đặt.,installieren,ausgebaut (tháo ra)
183,Perfekt (Partizip II),,Ich habe ihn sofort ______.,bekannt,ausgekannt,kennengelernt,erkannt,erkannt,erkennen,erkannte,nhận ra,Tôi đã nhận ra anh ấy ngay lập tức.,wahrnehmen,verkannt (đánh giá sai)
184,Perfekt (Partizip II),,Sie hat sich ein schönes Kleid ______.,besucht,abgesagt,versucht,ausgesucht,ausgesucht,aussuchen,suchte aus,lựa chọn,Cô ấy đã chọn cho mình một chiếc váy đẹp.,auswählen,
185,Perfekt (Partizip II),,Er ist mit dem Fahrrad schnell ______.,weggekommen,zurückgekommen,mitgekommen,vorgekommen,weggekommen,wegkommen,kam weg,"thoát khỏi, đi mất",Anh ấy đã nhanh chóng đi mất bằng xe đạp.,entkommen,
186,Perfekt (Partizip II),,Er ist letztes Jahr in eine andere Stadt ______ worden.,abgesetzt,versetzt,durchgesetzt,eingesetzt,versetzt,versetzen,versetzte,chuyển (công tác),Năm ngoái anh ấy đã bị chuyển công tác đến thành phố khác.,verlegen,
187,Perfekt (Partizip II),,Die Polizei hat mehrere Zeugen ______.,befragt,angefragt,nachgefragt,umgeschrieben,befragt,befragen,befragte,"phỏng vấn, hỏi ý kiến",Cảnh sát đã phỏng vấn nhiều nhân chứng.,interviewen,
188,Perfekt (Partizip II),,Der Redner wurde von einem Zuhörer ______.,unterbrochen,eingebrochen,abgebrochen,zerbrochen,unterbrochen,unterbrechen,unterbrach,ngắt lời; gián đoạn,Diễn giả đã bị một khán giả ngắt lời.,stoppen,fortgesetzt (tiếp tục)
189,Perfekt (Partizip II),,Sie hat in den letzten Monaten fünf Kilo ______.,zugenommen,abgenommen,mitgenommen,eingenommen,abgenommen,abnehmen,nahm ab,giảm cân; tháo ra,Trong vài tháng qua cô ấy đã giảm năm cân.,reduzieren,zugenommen (tăng cân)
190,Perfekt (Partizip II),,Der Kurs war leider schon ______.,belegt,ausgelegt,aufgelegt,angelegt,belegt,belegen,belegte,chứng minh; đăng ký khóa học,Tiếc là khóa học đã có người đăng ký hết chỗ.,nachweisen,
191,Perfekt (Partizip II),,Die beiden Themen sind eng miteinander ______.,eingebunden,losgebunden,angebunden,verbunden,verbunden,verbinden,verband,kết nối; băng bó,Hai chủ đề này có liên hệ chặt chẽ với nhau.,verknüpfen,getrennt (tách rời)
192,Perfekt (Partizip II),,Sie hat langsam und ruhig ______.,eingeatmet,ausgeatmet,mitgenommen,weggeschaut,ausgeatmet,ausatmen,atmete aus,thở ra,Cô ấy đã thở ra chậm rãi và bình tĩnh.,exhalieren,eingeatmet (hít vào)
193,Perfekt (Partizip II),,"Ich habe leider nicht ______, was er gesagt hat.",aufgestanden,entstanden,verstanden,angestanden,verstanden,verstehen,verstand,hiểu,Tiếc là tôi đã không hiểu điều anh ấy nói.,"begreifen, kapieren",missverstanden (hiểu lầm)
194,Perfekt (Partizip II),,Er hat seine Arbeit pflichtbewusst ______.,verrichtet,aufgerichtet,berichtet,ausgerichtet,verrichtet,verrichten,verrichtete,thực hiện (công việc),Anh ấy đã hoàn thành công việc một cách tận tâm.,erledigen,
195,Perfekt (Partizip II),,Er hat den alten Karton ______.,aufgeworfen,eingeworfen,angeworfen,weggeworfen,weggeworfen,wegwerfen,warf weg,vứt bỏ,Anh ấy đã vứt bỏ chiếc thùng carton cũ.,entsorgen,aufgehoben (giữ lại)
196,Perfekt (Partizip II),,Sie hat das Bild aus der Zeitung ______.,abgeschnitten,aufgeschnitten,zerschnitten,ausgeschnitten,ausgeschnitten,ausschneiden,schnitt aus,"cắt ra, cắt rời",Cô ấy đã cắt bức ảnh ra từ tờ báo.,herausschneiden,
197,Perfekt (Partizip II),,Der Wetterdienst hat Regen für morgen ______.,vorausgesagt,abgesagt,zugesagt,ausgesagt,vorausgesagt,voraussagen,sagte voraus,dự đoán,Đài khí tượng đã dự báo mưa cho ngày mai.,vorhersagen,
198,Perfekt (Partizip II),,Sie hat den Wasserhahn ______.,umgedreht,angedreht,verdreht,abgedreht,angedreht,andrehen,drehte an,"vặn (vòi, van) mở",Cô ấy đã vặn mở vòi nước.,aufdrehen,abgedreht (tắt vòi)
199,Perfekt (Partizip II),,Die Untersuchung wurde erfolgreich ______.,eingeführt,aufgeführt,durchgeführt,verführt,durchgeführt,durchführen,führte durch,thực hiện,Cuộc điều tra đã được tiến hành thành công.,ausführen,
200,Perfekt (Partizip II),,Wir haben unser Geld in Aktien ______.,aufgelegt,angelegt,verlegt,ausgelegt,angelegt,anlegen,legte an,đầu tư; lắp đặt,Chúng tôi đã đầu tư tiền vào cổ phiếu.,investieren,
201,Perfekt (Partizip II),,Die schlechte Nachricht hat mich sehr ______.,bedrückt,eingedrückt,ausgedrückt,unterdrückt,bedrückt,bedrücken,bedrückte,đè nặng (tâm lý),Tin xấu đó đã khiến tôi rất nặng lòng.,belasten,erleichtert (làm nhẹ nhõm)
202,Perfekt (Partizip II),,Der Zeuge hat vor Gericht die Wahrheit ______.,zugesagt,abgesagt,ausgesagt,vorausgesagt,ausgesagt,aussagen,sagte aus,khai báo,Nhân chứng đã khai sự thật trước tòa.,erklären,
203,Perfekt (Partizip II),,Das Spiel wurde live im Fernsehen ______.,betragen,ausgetragen,übertragen,vertragen,übertragen,übertragen,übertrug,truyền hình trực tiếp; chuyển giao,Trận đấu đã được truyền hình trực tiếp.,senden,
204,Perfekt (Partizip II),,"Ich habe es mehrmals ______, aber es hat nicht geklappt.",besucht,ausgesucht,versucht,eingekauft,versucht,versuchen,versuchte,"thử, cố gắng",Tôi đã thử nhiều lần nhưng không thành công.,probieren,aufgegeben (từ bỏ)
205,Perfekt (Partizip II),,Die Tür war fest ______.,verschlossen,ausgeschlossen,abgeschlossen,eingeschlossen,verschlossen,verschließen,verschloss,khóa lại,Cánh cửa đã bị khóa chặt.,zusperren,geöffnet (mở)
206,Perfekt (Partizip II),,Der Verkäufer hat drei Prozent vom Preis ______.,verzogen,angezogen,abgezogen,bezogen,abgezogen,abziehen,zog ab,rút đi; trừ đi,Người bán đã trừ ba phần trăm giá.,abrücken,hinzugefügt (thêm vào)
207,Perfekt (Partizip II),,Sie hat sich schnell an das neue Land ______.,aufgepasst,verpasst,vorgezeigt,angepasst,angepasst,anpassen,passte an,điều chỉnh cho phù hợp,Cô ấy đã nhanh chóng thích nghi với đất nước mới.,angleichen,
208,Perfekt (Partizip II),,Der Lehrer hat die Hefte am Ende der Stunde ______.,eingelaufen,besucht,versammelt,eingesammelt,eingesammelt,einsammeln,sammelte ein,thu gom lại,Thầy giáo đã thu vở lại vào cuối giờ học.,einholen,verteilt (phân phát)
209,Perfekt (Partizip II),,Die Kinder haben gestern lange ______.,angesehen,eingesehen,ferngesehen,ausgesehen,ferngesehen,fernsehen,sah fern,xem TV,Hôm qua bọn trẻ đã xem tivi rất lâu.,,
210,Perfekt (Partizip II),,Er ist aus dem Verein ______.,eingetreten,übertreten,betreten,ausgetreten,ausgetreten,austreten,trat aus,rút khỏi tổ chức,Anh ấy đã rút khỏi câu lạc bộ.,kündigen,beigetreten (gia nhập)
211,Perfekt (Partizip II),,Der Preis ist im Zimmerpreis schon ______.,abgeschlossen,beschlossen,verschlossen,eingeschlossen,eingeschlossen,einschließen,schloss ein,bao gồm; nhốt,Giá đó đã được bao gồm trong giá phòng.,enthalten,ausgeschlossen (loại trừ)
212,Perfekt (Partizip II),,Er hat sich mit seinen Entscheidungen die Zukunft selbst ______.,verbaut,eingebaut,bebaut,aufgebaut,verbaut,verbauen,verbaute,lắp đặt; che chắn,Anh ấy đã tự làm hỏng tương lai của mình bằng những quyết định đó.,blockieren,
213,Perfekt (Partizip II),,Das Theaterstück wurde letzte Woche ______.,durchgeführt,verführt,aufgeführt,eingeführt,aufgeführt,aufführen,führte auf,"biểu diễn, trình diễn",Vở kịch đã được trình diễn vào tuần trước.,vorführen,
214,Perfekt (Partizip II),,Ich habe mir die Telefonnummer schnell ______.,unterschrieben,verschrieben,beschrieben,aufgeschrieben,aufgeschrieben,aufschreiben,schrieb auf,"viết ra, ghi chú",Tôi đã nhanh chóng ghi lại số điện thoại.,notieren,
215,Perfekt (Partizip II),,Sie hat heute müde ______.,ausgesehen,zugesehen,versehen,eingesehen,ausgesehen,aussehen,sah aus,trông như,Hôm nay trông cô ấy có vẻ mệt mỏi.,wirken,
216,Perfekt (Partizip II),,Wir haben zwei Pizzen ______.,hergestellt,vorgestellt,dargestellt,bestellt,bestellt,bestellen,bestellte,đặt hàng,Chúng tôi đã đặt hai chiếc pizza.,ordern,storniert (hủy đặt hàng)
217,Perfekt (Partizip II),,Er hat schon immer ein großes Talent ______.,vorgelegen,unterlegen,besessen,verschrieben,besessen,besitzen,besaß,sở hữu,Anh ấy vốn luôn sở hữu một tài năng lớn.,haben,
218,Perfekt (Partizip II),,Der Kranke hat sich langsam ______.,ausgerichtet,eingerichtet,berichtet,aufgerichtet,aufgerichtet,aufrichten,richtete auf,dựng thẳng lên,Người bệnh đã từ từ ngồi dậy được.,aufstellen,
219,Perfekt (Partizip II),,Die Lehrerin hat die Bücher an alle Schüler ______.,verteilt,mitgeteilt,zerteilt,eingeteilt,verteilt,verteilen,verteilte,phân phát,Cô giáo đã phát sách cho tất cả học sinh.,austeilen,gesammelt (thu gom)
220,Perfekt (Partizip II),,Seit dem Unfall sind schon drei Jahre ______.,vergangen,zugegangen,weggegangen,eingegangen,vergangen,vergehen,verging,trôi qua (thời gian),Đã ba năm trôi qua kể từ vụ tai nạn.,verstreichen,
221,Perfekt (Partizip II),,Der Friseur hat mir die Haare kurz ______.,zerschnitten,ausgeschnitten,aufgeschnitten,abgeschnitten,abgeschnitten,abschneiden,schnitt ab,cắt bỏ; đạt kết quả (thi),Thợ cắt tóc đã cắt tóc tôi ngắn.,wegschneiden,wachsen gelassen (để mọc dài ra)
222,Perfekt (Partizip II),,Er hat die Regeln immer genau ______.,eingehalten,angehalten,verhalten,behalten,eingehalten,einhalten,hielt ein,tuân thủ,Anh ấy luôn tuân thủ nghiêm ngặt các quy tắc.,befolgen,gebrochen (vi phạm)
223,Perfekt (Partizip II),,Er hat sich schnell ______ und ist weggegangen.,umgedreht,verdreht,abgedreht,angedreht,umgedreht,umdrehen,drehte um,"xoay ngược lại, quay đầu",Anh ấy đã nhanh chóng quay người lại và bỏ đi.,wenden,
224,Perfekt (Partizip II),,Er hat endlich seinen Fehler ______.,versehen,eingesehen,ferngesehen,nachgesehen,eingesehen,einsehen,sah ein,"nhận ra, hiểu ra",Cuối cùng anh ấy đã nhận ra sai lầm của mình.,erkennen,
225,Perfekt (Partizip II),,Der Ballon ist langsam ______.,ausgestiegen,eingestiegen,bestiegen,aufgestiegen,aufgestiegen,aufsteigen,stieg auf,leo lên; thăng chức,Khinh khí cầu đã từ từ bay lên.,hochsteigen,abgestiegen (đi xuống/xuống hạng)
226,Perfekt (Partizip II),,Sein seltsames Verhalten ist mir sofort ______.,ausgefallen,aufgefallen,eingefallen,verfallen,aufgefallen,auffallen,fiel auf,gây chú ý,Hành vi kỳ lạ của anh ấy khiến tôi chú ý ngay.,bemerkbar sein,unbemerkt geblieben (không bị chú ý)
227,Perfekt (Partizip II),,So etwas ist mir noch nie ______.,vorgekommen,weggekommen,angekommen,zurückgekommen,vorgekommen,vorkommen,kam vor,xảy ra,Chuyện như thế này chưa từng xảy ra với tôi.,"passieren, geschehen",
228,Perfekt (Partizip II),,Die Gefahr konnte gerade noch ______ werden.,zugewendet,verwendet,angewendet,abgewendet,abgewendet,abwenden,wendete ab,ngăn chặn; quay đi,Mối nguy hiểm đã vừa kịp được ngăn chặn.,verhindern,verursacht (gây ra)
229,Perfekt (Partizip II),,Wir sind früh am Morgen zur Reise ______.,ausgebrochen,unterbrochen,aufgebrochen,abgebrochen,aufgebrochen,aufbrechen,brach auf,lên đường; cạy mở,Chúng tôi đã lên đường từ sáng sớm.,losgehen,angekommen (đến nơi)
230,Perfekt (Partizip II),,Der Fahrer hat den Motor kurz ______.,angefahren,verfahren,eingefahren,mitgefahren,angefahren,anfahren,fuhr an,khởi động xe; đâm vào,Tài xế đã khởi động động cơ một lát.,starten,abgestellt (tắt máy)
231,Perfekt (Partizip II),,Der Lehrer hat die Schüler zur Ruhe ______.,aufgerufen,angerufen,widerrufen,ausgerufen,aufgerufen,aufrufen,rief auf,kêu gọi; gọi tên,Thầy giáo đã kêu gọi học sinh giữ trật tự.,auffordern,
232,Perfekt (Partizip II),,Die Kinder haben sich warm ______.,aufgezogen,verzogen,abgezogen,angezogen,angezogen,anziehen,zog an,mặc quần áo,Bọn trẻ đã mặc quần áo ấm.,bekleiden,ausgezogen (cởi đồ)
233,Perfekt (Partizip II),,Zum Zeitpunkt der Entscheidung haben noch keine Beweise ______.,verlesen,besessen,vorgelegen,unterlegen,vorgelegen,vorliegen,lag vor,"có sẵn, tồn tại (hồ sơ)","Tại thời điểm ra quyết định, chưa có bằng chứng nào tồn tại.",existieren,gefehlt (thiếu)
234,Perfekt (Partizip II),,Die Schüler haben dem Lehrer aufmerksam ______.,abgehört,gehört,aufgehört,zugehört,zugehört,zuhören,hörte zu,lắng nghe,Học sinh đã lắng nghe thầy giáo một cách chăm chú.,lauschen,ignoriert (phớt lờ)
235,Perfekt (Partizip II),,Der Chef hat die Aufgabe schon ______.,aufgegeben,vergeben,angegeben,zugegeben,vergeben,vergeben,vergab,trao tặng; tha thứ,Sếp đã giao việc đó rồi.,verleihen,
236,Perfekt (Partizip II),,Der Journalist hat meine Worte in seinem Artikel ______.,angedreht,umgedreht,verdreht,abgedreht,verdreht,verdrehen,verdrehte,vặn xoắn; xuyên tạc,Nhà báo đã xuyên tạc lời nói của tôi trong bài viết.,verzerren,
237,Perfekt (Partizip II),,Der Fahrer hat die Geschwindigkeitsgrenze ______.,übertreten,aufgetreten,betreten,ausgetreten,übertreten,übertreten,übertrat,vi phạm / chuyển sang,Tài xế đã vi phạm giới hạn tốc độ.,verletzen,eingehalten (tuân thủ)
238,Perfekt (Partizip II),,Er hat den Raum leise ______.,aufgetreten,betreten,eingetreten,ausgetreten,betreten,betreten,betrat,bước vào,Anh ấy đã bước vào phòng một cách nhẹ nhàng.,hineingehen,verlassen (rời khỏi)
239,Perfekt (Partizip II),,Wir haben heute im Supermarkt ______.,verkauft,angeschlossen,eingekauft,abgekauft,eingekauft,einkaufen,kaufte ein,mua sắm,Hôm nay chúng tôi đã đi mua sắm ở siêu thị.,shoppen,
240,Perfekt (Partizip II),,Für dieses Projekt ist mehr Zeit ______.,vorgesehen,nachgesehen,eingesehen,zugesehen,vorgesehen,vorsehen,sah vor,dự định; đề phòng,Nhiều thời gian hơn đã được dự trù cho dự án này.,planen,
241,Perfekt (Partizip II),,Die Gurken wurden in Essig ______.,festgelegt,verlegt,belegt,eingelegt,eingelegt,einlegen,legte ein,đặt vào; ngâm thực phẩm,Dưa chuột đã được ngâm trong giấm.,einfügen,
242,Perfekt (Partizip II),,Für dieses Rezept wird viel Zucker ______.,abgewendet,angewendet,verwendet,zugewendet,verwendet,verwenden,verwendete,sử dụng,Công thức này cần dùng nhiều đường.,benutzen,
243,Perfekt (Partizip II),,Die beiden Kollegen haben sich nach dem Streit wieder gut ______.,vertragen,übertragen,betragen,ausgetragen,vertragen,vertragen,vertrug,chịu đựng được; hòa hợp,Hai đồng nghiệp đã hòa thuận trở lại sau cuộc cãi vã.,sich gut verstehen,gestritten (cãi nhau)
244,Perfekt (Partizip II),,Der Fremde hat mich auf der Straße ______.,ausgesprochen,angesprochen,versprochen,besprochen,angesprochen,ansprechen,sprach an,bắt chuyện; đề cập,Người lạ đã bắt chuyện với tôi trên đường.,anreden,ignoriert (phớt lờ)
245,Perfekt (Partizip II),,Die Information wurde sofort an alle ______.,weitergegeben,zurückgegeben,ausgegeben,eingegeben,weitergegeben,weitergeben,gab weiter,chuyển tiếp,Thông tin đã được chuyển tiếp ngay đến mọi người.,übermitteln,
246,Perfekt (Partizip II),,Die Großeltern haben die Enkelkinder ______.,bezogen,eingezogen,angezogen,aufgezogen,aufgezogen,aufziehen,zog auf,nuôi dạy; kéo lên,Ông bà đã nuôi dạy các cháu.,großziehen,
247,Perfekt (Partizip II),,Ich habe den Brief in den Briefkasten ______.,eingeworfen,vorgeworfen,abgeworfen,umgeworfen,eingeworfen,einwerfen,warf ein,bỏ vào hòm thư; chen vào,Tôi đã bỏ lá thư vào hòm thư.,einstecken,
248,Perfekt (Partizip II),,Der Bus hat an der Ampel ______.,unterhalten,eingehalten,angehalten,aufgehalten,angehalten,anhalten,hielt an,dừng lại,Xe buýt đã dừng lại ở đèn giao thông.,stoppen,weitergefahren (tiếp tục đi)
249,Perfekt (Partizip II),,Wir haben einen Termin für nächste Woche ______.,mitgemacht,zugemacht,angemacht,ausgemacht,ausgemacht,ausmachen,machte aus,tắt (đèn); thỏa thuận,Chúng tôi đã hẹn một cuộc gặp vào tuần sau.,ausschalten,angemacht (bật)
250,Perfekt (Partizip II),,Sie hat ihren neuen Freund ______.,hergestellt,vorgestellt,verstellt,bestellt,vorgestellt,vorstellen,stellte vor,giới thiệu,Cô ấy đã giới thiệu bạn trai mới của mình.,präsentieren,
251,Perfekt (Partizip II),,Die Kosten haben insgesamt tausend Euro ______.,betragen,ausgetragen,beigetragen,übertragen,betragen,betragen,betrug,có giá trị là (số tiền); cư xử,Tổng chi phí đã lên tới một nghìn euro.,ausmachen,
252,Perfekt (Partizip II),,Der Regen hat endlich ______.,angehört,zugehört,gehört,aufgehört,aufgehört,aufhören,hörte auf,dừng lại,Cuối cùng mưa cũng đã tạnh.,beenden,angefangen (bắt đầu)
253,Perfekt (Partizip II),,Der Fahrer hat mich vor dem Bahnhof ______.,versetzt,besetzt,abgesetzt,durchgesetzt,abgesetzt,absetzen,setzte ab,thả xuống; phế truất,Tài xế đã thả tôi xuống trước nhà ga.,hinstellen,abgeholt (đón)
254,Perfekt (Partizip II),,Ich habe ihm das Fahrrad günstig ______.,verkauft,angekommen,eingekauft,abgekauft,abgekauft,abkaufen,kaufte ab,mua lại (của ai),Tôi đã mua lại chiếc xe đạp của anh ấy với giá rẻ.,erwerben,verkauft (bán)
255,Perfekt (Partizip II),,Das Papier wurde in kleine Stücke ______.,ausgeschnitten,aufgeschnitten,abgeschnitten,zerschnitten,zerschnitten,zerschneiden,zerschnitt,cắt vụn,Tờ giấy đã bị cắt thành từng mảnh nhỏ.,zerteilen,zusammengefügt (ghép lại)
256,Perfekt (Partizip II),,Das Gebäude wird rund um die Uhr ______.,aufgewacht,aufgewachsen,bewacht,erwachsen,bewacht,bewachen,bewachte,canh gác,Tòa nhà được canh gác suốt ngày đêm.,beschützen,
257,Perfekt (Partizip II),,Ich habe die Information aus dem Internet ______.,aufgezogen,angezogen,bezogen,ausgezogen,bezogen,beziehen,bezog,chuyển đến; lấy (từ nguồn),Tôi đã lấy thông tin từ Internet.,einziehen,
258,Perfekt (Partizip II),,Er hat mir Hilfe ______.,angesprochen,versprochen,besprochen,abgesprochen,versprochen,versprechen,versprach,hứa,Anh ấy đã hứa giúp đỡ tôi.,zusagen,
259,Perfekt (Partizip II),,Er hat sein altes Auto ______.,ausgesehen,verkauft,abgekauft,eingekauft,verkauft,verkaufen,verkaufte,bán,Anh ấy đã bán chiếc xe cũ của mình.,veräußern,gekauft (mua)
260,Perfekt (Partizip II),,Die Firma hat neue Technologien ______.,aufgesetzt,eingesetzt,besetzt,fortgesetzt,eingesetzt,einsetzen,setzte ein,sử dụng; lắp vào,Công ty đã sử dụng các công nghệ mới.,verwenden,
261,Perfekt (Partizip II),,Sie ist ohne ein Wort ______.,aufgegangen,eingegangen,weggegangen,umgegangen,weggegangen,weggehen,ging weg,rời đi,Cô ấy đã bỏ đi mà không nói một lời.,verlassen,geblieben (ở lại)
262,Perfekt (Partizip II),,Wir sind letztes Jahr in eine neue Wohnung ______.,umgezogen,abgezogen,aufgezogen,eingezogen,umgezogen,umziehen,zog um,chuyển nhà; thay đồ,Năm ngoái chúng tôi đã chuyển đến căn hộ mới.,übersiedeln,geblieben (ở lại)
263,Perfekt (Partizip II),,Das Holz hat sich durch die Feuchtigkeit ______.,aufgezogen,verzogen,eingezogen,ausgezogen,verzogen,verziehen,verzog,chuyển nhà; biến dạng,Gỗ đã bị biến dạng do độ ẩm.,umziehen,
264,Perfekt (Partizip II),,Ich habe den Fernseher ______.,ausgeschaltet,umgeschaltet,eingeschaltet,vergangen,eingeschaltet,einschalten,schaltete ein,bật (thiết bị),Tôi đã bật tivi.,anmachen,ausgeschaltet (tắt)
265,Perfekt (Partizip II),,Letzte Nacht ist bei uns jemand ______.,unterbrochen,eingebrochen,zerbrochen,abgebrochen,eingebrochen,einbrechen,brach ein,đột nhập; sập xuống,Đêm qua ai đó đã đột nhập vào nhà chúng tôi.,eindringen,
266,Perfekt (Partizip II),,Das Treffen wurde auf nächste Woche ______.,verlegt,aufgelegt,ausgelegt,eingelegt,verlegt,verlegen,verlegte,dời đi; làm thất lạc,Buổi gặp mặt đã được dời sang tuần sau.,verschieben,
267,Perfekt (Partizip II),,Der Sänger ist gestern zum ersten Mal ______.,zurückgetreten,angetreten,eingetreten,aufgetreten,aufgetreten,auftreten,trat auf,xuất hiện; biểu diễn,Hôm qua ca sĩ đã biểu diễn lần đầu tiên.,erscheinen,verschwunden (biến mất)
268,Perfekt (Partizip II),,Alle Kinder haben bei dem Spiel ______.,mitgespielt,bestanden,vorgespielt,abgespielt,mitgespielt,mitspielen,spielte mit,"chơi cùng, tham gia",Tất cả bọn trẻ đã cùng chơi trò chơi đó.,teilnehmen,zugeschaut (đứng xem)
269,Perfekt (Partizip II),,Er hat das Gespräch plötzlich ______.,unterbrochen,zerbrochen,abgebrochen,eingebrochen,abgebrochen,abbrechen,brach ab,hủy bỏ; gãy,Anh ấy đột nhiên chấm dứt cuộc trò chuyện.,aufgeben,fortgesetzt (tiếp tục)
270,Perfekt (Partizip II),,Die neue Wohnung wurde schön ______.,berichtet,verrichtet,ausgerichtet,eingerichtet,eingerichtet,einrichten,richtete ein,trang bị nội thất; sắp đặt,Căn hộ mới đã được trang trí đẹp mắt.,ausstatten,
271,Perfekt (Partizip II),,Die Proteste wurden vom Militär ______.,ausgedrückt,bedrückt,unterdrückt,eingedrückt,unterdrückt,unterdrücken,unterdrückte,"đàn áp, kìm nén",Các cuộc biểu tình đã bị quân đội đàn áp.,bedrängen,gefördert (thúc đẩy/ủng hộ)
272,Perfekt (Partizip II),,Er hat seinen Fehler sofort ______.,vergeben,zugegeben,aufgegeben,ausgegeben,zugegeben,zugeben,gab zu,thừa nhận,Anh ấy đã thừa nhận lỗi của mình ngay lập tức.,gestehen,geleugnet (chối bỏ)
273,Perfekt (Partizip II),,Diese Methode ist offiziell nicht ______.,zugelassen,ausgelassen,losgelassen,verlassen,zugelassen,zulassen,ließ zu,cho phép,Phương pháp này chính thức không được cho phép.,erlauben,verboten (cấm)
274,Perfekt (Partizip II),,Das Team ist dieses Jahr in die zweite Liga ______.,ausgestiegen,abgestiegen,eingestiegen,aufgestiegen,abgestiegen,absteigen,stieg ab,xuống; xuống hạng,Năm nay đội bóng đã xuống hạng nhì.,hinuntersteigen,aufgestiegen (thăng hạng)
275,Perfekt (Partizip II),,Er hat sein Versprechen später ______.,aufgerufen,angerufen,ausgerufen,widerrufen,widerrufen,widerrufen,widerrief,rút lại (lời nói),Sau đó anh ấy đã rút lại lời hứa của mình.,zurücknehmen,bestätigt (xác nhận)
276,Perfekt (Partizip II),,Ich habe im Unterricht nicht gut ______.,aufgehalten,aufgepasst,verpasst,angepasst,aufgepasst,aufpassen,passte auf,"chú ý, trông chừng",Tôi đã không chú ý tốt trong giờ học.,achtgeben,
277,Perfekt (Partizip II),,Sie hat ihren Plan noch einmal ______.,bedacht,überdacht,nachgedacht,vorgespielt,überdacht,überdenken,überdachte,suy xét lại,Cô ấy đã suy xét lại kế hoạch của mình một lần nữa.,erneut überlegen,
278,Perfekt (Partizip II),,Ich habe das Geheimnis für mich ______.,eingehalten,abgehalten,verhalten,behalten,behalten,behalten,behielt,giữ lại,Tôi đã giữ bí mật cho riêng mình.,aufbewahren,weggegeben (cho đi)
279,Perfekt (Partizip II),,Das Flugzeug hat Hilfsgüter ______.,vorgeworfen,abgeworfen,aufgeworfen,verworfen,abgeworfen,abwerfen,warf ab,ném xuống; mang lại lợi nhuận,Máy bay đã thả hàng viện trợ xuống.,fallen lassen,
280,Perfekt (Partizip II),,Die Kinder haben ihre Geschenke sofort ______.,angepackt,weggeworfen,ausgepackt,eingepackt,ausgepackt,auspacken,packte aus,mở gói ra,Bọn trẻ đã mở quà ngay lập tức.,öffnen,eingepackt (đóng gói)
281,Perfekt (Partizip II),,Der Pullover ist beim Waschen ______.,zugegangen,aufgegangen,eingegangen,begangen,eingegangen,eingehen,ging ein,co lại; đi vào,Chiếc áo len đã bị co lại khi giặt.,schrumpfen,gedehnt (giãn ra)
282,Perfekt (Partizip II),,Ich habe das Formular vollständig ______.,eingefüllt,aufgeschnitten,erfüllt,ausgefüllt,ausgefüllt,ausfüllen,füllte aus,điền (biểu mẫu),Tôi đã điền đầy đủ vào biểu mẫu.,eintragen,
283,Perfekt (Partizip II),,"Wir haben ______, früher in den Urlaub zu fahren.",verschlossen,beschlossen,abgeschlossen,angeschlossen,beschlossen,beschließen,beschloss,quyết định,Chúng tôi đã quyết định đi nghỉ sớm hơn.,entscheiden,
284,Perfekt (Partizip II),,Er hat seinen Ausweis am Eingang ______.,angezeigt,vorgezeigt,verlaufen,aufgezeigt,vorgezeigt,vorzeigen,zeigte vor,"trình ra, xuất trình",Anh ấy đã xuất trình giấy tờ tùy thân ở lối vào.,präsentieren,versteckt (giấu đi)
285,Perfekt (Partizip II),,Sie hat den Text komplett ______.,beschrieben,aufgeschrieben,umgeschrieben,verschrieben,umgeschrieben,umschreiben,schrieb um,viết lại,Cô ấy đã viết lại toàn bộ văn bản.,neu formulieren,
286,Perfekt (Partizip II),,Wir sind in Frankfurt in einen anderen Zug ______.,ausgestiegen,bestiegen,abgestiegen,umgestiegen,umgestiegen,umsteigen,stieg um,đổi chuyến (tàu/xe),Chúng tôi đã đổi sang chuyến tàu khác ở Frankfurt.,wechseln,
287,Perfekt (Partizip II),,Die Familie ist gestern in das Haus ______.,verzogen,angezogen,eingezogen,umgezogen,eingezogen,einziehen,zog ein,chuyển vào (nhà),Gia đình đã chuyển vào nhà hôm qua.,einrücken,ausgezogen (chuyển ra)
288,Perfekt (Partizip II),,Die Veranstaltung ist gut ______.,abgelaufen,zugelaufen,angelaufen,verlaufen,verlaufen,verlaufen,verlief,diễn ra thế nào; đi lạc,Sự kiện đã diễn ra tốt đẹp.,geschehen,
289,Perfekt (Partizip II),,Die Mutter hat dem Kind eine Geschichte ______.,verlesen,durchgelesen,ausgelesen,vorgelesen,vorgelesen,vorlesen,las vor,đọc to cho nghe,Người mẹ đã đọc truyện cho con nghe.,rezitieren,
290,Perfekt (Partizip II),,Wir haben unsere Großeltern am Wochenende ______.,besucht,festgehalten,versucht,ausgesucht,besucht,besuchen,besuchte,thăm,Cuối tuần chúng tôi đã đi thăm ông bà.,aufsuchen,
291,Perfekt (Partizip II),,Diese Möbel werden in Deutschland ______.,bestellt,hergestellt,eingestellt,aufgestellt,hergestellt,herstellen,stellte her,sản xuất,Những món đồ nội thất này được sản xuất tại Đức.,produzieren,
292,Perfekt (Partizip II),,Wir haben viel Geld für das Hotel ______.,vergeben,ausgegeben,nachgegeben,angegeben,ausgegeben,ausgeben,gab aus,chi tiêu; phát ra,Chúng tôi đã chi rất nhiều tiền cho khách sạn.,bezahlen,gespart (tiết kiệm)
293,Perfekt (Partizip II),,Alle Plätze im Zug waren schon ______.,versetzt,eingesetzt,aufgesetzt,besetzt,besetzt,besetzen,besetzte,chiếm giữ,Tất cả chỗ ngồi trên tàu đều đã có người ngồi.,belegen,freigemacht (bỏ trống)
294,Perfekt (Partizip II),,Die Touristen sind heute Morgen ______.,verreist,unterbrochen,abgereist,abgenommen,abgereist,abreisen,reiste ab,"khởi hành, lên đường",Sáng nay các du khách đã lên đường rời đi.,aufbrechen,angekommen (đến nơi)
295,Perfekt (Partizip II),,Ich habe das Buch der Bibliothek ______.,weitergegeben,zurückgegeben,eingegeben,aufgegeben,zurückgegeben,zurückgeben,gab zurück,trả lại,Tôi đã trả sách lại cho thư viện.,retournieren,behalten (giữ lại)
296,Perfekt (Partizip II),,Auf dem Konto sind hohe Zinsen ______.,verlaufen,aufgelaufen,eingelaufen,abgelaufen,aufgelaufen,auflaufen,lief auf,mắc cạn; tích lũy,Lãi suất cao đã tích lũy trong tài khoản.,sich ansammeln,
297,Perfekt (Partizip II),,Der Bus ist gerade ______.,angefahren,weggefahren,ausgefahren,aufgefahren,ausgefahren,ausfahren,fuhr aus,lái ra ngoài,Xe buýt vừa mới chạy ra.,hinausfahren,eingefahren (vào ga)
298,Perfekt (Partizip II),,Sie hat das Ergebnis geduldig ______.,eingestellt,erwartet,besucht,abgewartet,abgewartet,abwarten,wartete ab,chờ đợi (kết quả),Cô ấy đã kiên nhẫn chờ đợi kết quả.,warten auf,
299,Perfekt (Partizip II),,Ich habe meinen Koffer schon ______.,ausgemacht,ausgepackt,angepackt,eingepackt,eingepackt,einpacken,packte ein,"đóng gói, gói lại",Tôi đã đóng gói vali của mình rồi.,verpacken,ausgepackt (mở gói)
300,Perfekt (Partizip II),,Die Konferenz wurde in Berlin ______.,behalten,unterhalten,angehalten,abgehalten,abgehalten,abhalten,hielt ab,tổ chức; ngăn cản,Hội nghị đã được tổ chức tại Berlin.,durchführen,
301,Perfekt (Partizip II),,Wir haben uns den Film gestern ______.,nachgesehen,zugesehen,angesehen,vorgesehen,angesehen,ansehen,sah an,"nhìn, xem",Hôm qua chúng tôi đã xem bộ phim đó.,betrachten,
302,Perfekt (Partizip II),,Er hat die Führerscheinprüfung ______.,entstanden,aufgestanden,bestanden,angestanden,bestanden,bestehen,bestand,đỗ (thi); tồn tại,Anh ấy đã đỗ kỳ thi lái xe.,(eine Prüfung) schaffen,durchgefallen (thi trượt)
303,Perfekt (Partizip II),,Er hat uns sein neuestes Stück am Klavier ______.,abgespielt,vorgespielt,abgeschnitten,mitgespielt,vorgespielt,vorspielen,spielte vor,biểu diễn cho ai xem,Anh ấy đã chơi cho chúng tôi nghe bản nhạc mới nhất của mình trên đàn piano.,präsentieren,
304,Perfekt (Partizip II),,Nach der Pause haben wir die Arbeit ______.,fortgesetzt,abgesetzt,eingesetzt,durchgesetzt,fortgesetzt,fortsetzen,setzte fort,tiếp tục,"Sau giờ nghỉ, chúng tôi đã tiếp tục công việc.",weiterführen,unterbrochen (ngắt quãng)
305,Perfekt (Partizip II),,Er ist auf dem Land ______.,überwacht,aufgewachsen,bewacht,erwacht,aufgewachsen,aufwachsen,wuchs auf,lớn lên,Anh ấy đã lớn lên ở vùng nông thôn.,groß werden,
306,Perfekt (Partizip II),,Die Tür ist von selbst ______.,aufgegangen,ausgegangen,weggegangen,zugegangen,zugegangen,zugehen,ging zu,đóng lại (tự động),Cánh cửa tự đóng lại.,schließen,aufgegangen (mở ra)
307,Perfekt (Partizip II),,Wir haben uns in der fremden Stadt ______.,ausgefahren,verfahren,eingefahren,mitgefahren,verfahren,verfahren,verfuhr,đi lạc đường,Chúng tôi đã bị lạc đường ở thành phố xa lạ.,sich verirren,
308,Perfekt (Partizip II),,Plötzlich ist ein technisches Problem ______.,eingetreten,betreten,übertreten,angetreten,eingetreten,eintreten,trat ein,bước vào; xảy ra,Đột nhiên một sự cố kỹ thuật đã xảy ra.,hineingehen,
309,Perfekt (Partizip II),,Der Zettel wurde ans Brett ______.,abgeschlagen,aufgeschlagen,vorgeschlagen,angeschlagen,angeschlagen,anschlagen,schlug an,dán thông báo; va vào,Tờ giấy đã được dán lên bảng thông báo.,befestigen,
310,Perfekt (Partizip II),,Er hat sich in der Diskussion ruhig ______.,aufgehalten,festgehalten,abgehalten,verhalten,verhalten,verhalten,verhielt,cư xử,Anh ấy đã cư xử điềm tĩnh trong cuộc tranh luận.,sich benehmen,
311,Perfekt (Partizip II),,Er hat sich in der Prüfung merkwürdig ______.,eingenommen,benommen,weggenommen,vernommen,benommen,benehmen,benahm,cư xử,Anh ấy đã cư xử kỳ lạ trong kỳ thi.,sich verhalten,
312,Präsens,STEHEN,Ich stehe jeden Morgen um sechs Uhr ______. Ich will pünktlich zur Arbeit kommen.,auf,an,,,auf,aufstehen,stand auf,thức dậy,Sáng nào tôi cũng thức dậy lúc sáu giờ. Tôi muốn đến chỗ làm đúng giờ.,sich erheben,eingeschlafen (chìm vào giấc ngủ)
313,Präteritum,STEHEN,Ich stand heute um sechs Uhr ______. Ich will pünktlich zur Arbeit kommen.,auf,an,,,auf,aufstehen,stand auf,thức dậy,Hôm nay tôi đã thức dậy lúc sáu giờ. Tôi muốn đến chỗ làm đúng giờ.,sich erheben,eingeschlafen (chìm vào giấc ngủ)
314,Futur I,STEHEN,Ich werde morgen früh ______. Ich will pünktlich zur Arbeit kommen.,aufstehen,anstehen,bestehen,verstehen,aufstehen,aufstehen,stand auf,thức dậy,Ngày mai tôi sẽ thức dậy sớm. Tôi muốn đến chỗ làm đúng giờ.,sich erheben,eingeschlafen (chìm vào giấc ngủ)
315,Präsens,KOMMEN,Der Zug kommt um acht Uhr in Berlin ______. Alle Passagiere sind froh darüber.,an,mit,weg,zurück,an,ankommen,kam an,đến nơi,Tàu đến Berlin lúc tám giờ. Tất cả hành khách đều vui vì điều đó.,eintreffen,abgefahren (khởi hành)
316,Präteritum,KOMMEN,Der Zug kam gestern pünktlich ______. Alle Passagiere sind froh darüber.,an,mit,weg,zurück,an,ankommen,kam an,đến nơi,Hôm qua tàu đã đến đúng giờ. Tất cả hành khách đều vui vì điều đó.,eintreffen,abgefahren (khởi hành)
317,Futur I,KOMMEN,Der Zug wird gleich in Berlin ______. Alle Passagiere sind froh darüber.,ankommen,mitkommen,zurückkommen,bekommen,ankommen,ankommen,kam an,đến nơi,Tàu sắp đến Berlin. Tất cả hành khách đều vui vì điều đó.,eintreffen,abgefahren (khởi hành)
318,Präsens,GEHEN,Wir gehen heute Abend ______. Wir wollen ein neues Restaurant ausprobieren.,aus,weg,an,zu,aus,ausgehen,ging aus,đi chơi,Tối nay chúng tôi đi chơi. Chúng tôi muốn thử một nhà hàng mới.,enden,zu Hause geblieben (ở nhà)
319,Präteritum,GEHEN,Wir gingen letzten Samstag ______. Wir wollen ein neues Restaurant ausprobieren.,aus,weg,an,zu,aus,ausgehen,ging aus,đi chơi,Thứ Bảy tuần trước chúng tôi đã đi chơi. Chúng tôi muốn thử một nhà hàng mới.,enden,zu Hause geblieben (ở nhà)
320,Futur I,GEHEN,Wir werden heute Abend ______. Wir wollen ein neues Restaurant ausprobieren.,ausgehen,weggehen,angehen,zugehen,ausgehen,ausgehen,ging aus,đi chơi,Tối nay chúng tôi sẽ đi chơi. Chúng tôi muốn thử một nhà hàng mới.,enden,zu Hause geblieben (ở nhà)
321,Präsens,NEHMEN,Sie nimmt in letzter Zeit stark ______. Ihr Arzt hat es ihr empfohlen.,ab,zu,mit,weg,ab,abnehmen,nahm ab,giảm cân,Dạo này cô ấy giảm cân nhiều. Bác sĩ đã khuyên cô ấy làm vậy.,reduzieren,zugenommen (tăng cân)
322,Präteritum,NEHMEN,Sie nahm letztes Jahr fünf Kilo ______. Ihr Arzt hat es ihr empfohlen.,ab,zu,mit,weg,ab,abnehmen,nahm ab,giảm cân,Năm ngoái cô ấy đã giảm năm cân. Bác sĩ đã khuyên cô ấy làm vậy.,reduzieren,zugenommen (tăng cân)
323,Futur I,NEHMEN,Sie wird bald etwas ______. Ihr Arzt hat es ihr empfohlen.,abnehmen,zunehmen,mitnehmen,wegnehmen,abnehmen,abnehmen,nahm ab,giảm cân,Cô ấy sẽ sớm giảm được vài cân. Bác sĩ đã khuyên cô ấy làm vậy.,reduzieren,zugenommen (tăng cân)
324,Präsens,KAUFEN,Ich kaufe samstags immer ______. Der Kühlschrank ist nämlich leer.,ein,ab,,,ein,einkaufen,kaufte ein,mua sắm,Thứ Bảy nào tôi cũng đi mua sắm. Vì tủ lạnh đang trống trơn.,shoppen,
325,Präteritum,KAUFEN,Ich kaufte gestern im Supermarkt ______. Der Kühlschrank ist nämlich leer.,ein,ab,,,ein,einkaufen,kaufte ein,mua sắm,Hôm qua tôi đã đi mua sắm ở siêu thị. Vì tủ lạnh đang trống trơn.,shoppen,
326,Futur I,KAUFEN,Ich werde morgen ______. Der Kühlschrank ist nämlich leer.,einkaufen,abkaufen,verkaufen,,einkaufen,einkaufen,kaufte ein,mua sắm,Ngày mai tôi sẽ đi mua sắm. Vì tủ lạnh đang trống trơn.,shoppen,
327,Präsens,SUCHEN,Er ______ es immer wieder. Er gibt einfach nicht auf.,versucht,besucht,,,versucht,versuchen,versuchte,cố thử,Anh ấy luôn thử đi thử lại. Anh ấy đơn giản là không bỏ cuộc.,probieren,aufgegeben (từ bỏ)
328,Präteritum,SUCHEN,Er ______ es gestern noch einmal. Er gibt einfach nicht auf.,versuchte,besuchte,,,versuchte,versuchen,versuchte,cố thử,Hôm qua anh ấy đã thử lại một lần nữa. Anh ấy đơn giản là không bỏ cuộc.,probieren,aufgegeben (từ bỏ)
329,Futur I,SUCHEN,Er wird es noch einmal ______. Er gibt einfach nicht auf.,versuchen,besuchen,aussuchen,,versuchen,versuchen,versuchte,cố thử,Anh ấy sẽ thử lại một lần nữa. Anh ấy đơn giản là không bỏ cuộc.,probieren,aufgegeben (từ bỏ)
330,Präsens,SETZEN,Die Firma setzt neue Technologien ______. Das soll die Produktivität steigern.,ein,ab,auf,um,ein,einsetzen,setzte ein,sử dụng,Công ty đang sử dụng các công nghệ mới. Điều đó nhằm nâng cao năng suất.,verwenden,
331,Präteritum,SETZEN,Die Firma setzte letztes Jahr neue Technologien ______. Das soll die Produktivität steigern.,ein,ab,auf,um,ein,einsetzen,setzte ein,sử dụng,Năm ngoái công ty đã sử dụng các công nghệ mới. Điều đó nhằm nâng cao năng suất.,verwenden,
332,Futur I,SETZEN,Die Firma wird neue Technologien ______. Das soll die Produktivität steigern.,einsetzen,absetzen,aufsetzen,umsetzen,einsetzen,einsetzen,setzte ein,sử dụng,Công ty sẽ sử dụng các công nghệ mới. Điều đó nhằm nâng cao năng suất.,verwenden,
333,Präsens,SCHREIBEN,Ich schreibe mir die Nummer sofort ______. Sonst vergesse ich sie sofort wieder.,auf,ab,um,,auf,aufschreiben,schrieb auf,ghi chú,Tôi ghi lại số điện thoại ngay. Nếu không tôi sẽ quên ngay lập tức.,notieren,
334,Präteritum,SCHREIBEN,Ich schrieb mir die Nummer sofort ______. Sonst vergesse ich sie sofort wieder.,auf,ab,um,,auf,aufschreiben,schrieb auf,ghi chú,Tôi đã ghi lại số điện thoại ngay. Nếu không tôi sẽ quên ngay lập tức.,notieren,
335,Futur I,SCHREIBEN,Ich werde mir die Nummer sofort ______. Sonst vergesse ich sie sofort wieder.,aufschreiben,abschreiben,umschreiben,beschreiben,aufschreiben,aufschreiben,schrieb auf,ghi chú,Tôi sẽ ghi lại số điện thoại ngay. Nếu không tôi sẽ quên ngay lập tức.,notieren,
336,Präsens,FAHREN,Der Zug fährt in fünf Minuten ______. Die Passagiere müssen sich beeilen.,ab,an,aus,ein,ab,abfahren,fuhr ab,khởi hành,Tàu sẽ khởi hành trong năm phút nữa. Hành khách phải nhanh chân lên.,losfahren,angekommen (đến nơi)
337,Präteritum,FAHREN,Der Zug fuhr pünktlich ______. Die Passagiere müssen sich beeilen.,ab,an,aus,ein,ab,abfahren,fuhr ab,khởi hành,Tàu đã khởi hành đúng giờ. Hành khách phải nhanh chân lên.,losfahren,angekommen (đến nơi)
338,Futur I,FAHREN,Der Zug wird gleich ______. Die Passagiere müssen sich beeilen.,abfahren,anfahren,ausfahren,einfahren,abfahren,abfahren,fuhr ab,khởi hành,Tàu sắp khởi hành. Hành khách phải nhanh chân lên.,losfahren,angekommen (đến nơi)
339,Präsens,SPRECHEN,Der Fremde spricht mich auf der Straße ______. Er braucht nämlich Hilfe mit der Wegbeschreibung.,an,aus,ab,,an,ansprechen,sprach an,bắt chuyện,Người lạ bắt chuyện với tôi trên đường. Vì anh ta cần giúp đỡ về đường đi.,anreden,ignoriert (phớt lờ)
340,Präteritum,SPRECHEN,Der Fremde sprach mich gestern ______. Er braucht nämlich Hilfe mit der Wegbeschreibung.,an,aus,ab,,an,ansprechen,sprach an,bắt chuyện,Hôm qua người lạ đã bắt chuyện với tôi. Vì anh ta cần giúp đỡ về đường đi.,anreden,ignoriert (phớt lờ)
341,Futur I,SPRECHEN,Der Fremde wird mich sicher ______. Er braucht nämlich Hilfe mit der Wegbeschreibung.,ansprechen,aussprechen,absprechen,besprechen,ansprechen,ansprechen,sprach an,bắt chuyện,Người lạ chắc chắn sẽ bắt chuyện với tôi. Vì anh ta cần giúp đỡ về đường đi.,anreden,ignoriert (phớt lờ)
342,Präsens,STELLEN,Sie stellt ihren neuen Freund der Familie ______. Alle sind schon sehr gespannt.,vor,ab,auf,ein,vor,vorstellen,stellte vor,giới thiệu,Cô ấy giới thiệu bạn trai mới với gia đình. Mọi người đều rất tò mò.,präsentieren,
343,Präteritum,STELLEN,Sie stellte ihren neuen Freund gestern ______. Alle sind schon sehr gespannt.,vor,ab,auf,ein,vor,vorstellen,stellte vor,giới thiệu,Hôm qua cô ấy đã giới thiệu bạn trai mới. Mọi người đều rất tò mò.,präsentieren,
344,Futur I,STELLEN,Sie wird ihren neuen Freund bald ______. Alle sind schon sehr gespannt.,vorstellen,abstellen,aufstellen,einstellen,vorstellen,vorstellen,stellte vor,giới thiệu,Cô ấy sẽ sớm giới thiệu bạn trai mới. Mọi người đều rất tò mò.,präsentieren,
345,Präsens,ZIEHEN,Wir ziehen nächsten Monat ______. Die neue Wohnung ist viel größer.,um,ein,aus,an,um,umziehen,zog um,chuyển nhà,Tháng sau chúng tôi chuyển nhà. Căn hộ mới rộng hơn nhiều.,übersiedeln,geblieben (ở lại)
346,Präteritum,ZIEHEN,Wir zogen letztes Jahr ______. Die neue Wohnung ist viel größer.,um,ein,aus,an,um,umziehen,zog um,chuyển nhà,Năm ngoái chúng tôi đã chuyển nhà. Căn hộ mới rộng hơn nhiều.,übersiedeln,geblieben (ở lại)
347,Futur I,ZIEHEN,Wir werden bald ______. Die neue Wohnung ist viel größer.,umziehen,einziehen,ausziehen,anziehen,umziehen,umziehen,zog um,chuyển nhà,Chúng tôi sẽ sớm chuyển nhà. Căn hộ mới rộng hơn nhiều.,übersiedeln,geblieben (ở lại)
348,Präsens,HALTEN,Der Bus hält an der Ampel ______. Die Fußgänger können sicher überqueren.,an,auf,ab,fest,an,anhalten,hielt an,dừng lại,Xe buýt dừng lại ở đèn giao thông. Người đi bộ có thể qua đường an toàn.,stoppen,weitergefahren (tiếp tục đi)
349,Präteritum,HALTEN,Der Bus hielt an der Ampel ______. Die Fußgänger können sicher überqueren.,an,auf,ab,fest,an,anhalten,hielt an,dừng lại,Xe buýt đã dừng lại ở đèn giao thông. Người đi bộ có thể qua đường an toàn.,stoppen,weitergefahren (tiếp tục đi)
350,Futur I,HALTEN,Der Bus wird gleich ______. Die Fußgänger können sicher überqueren.,anhalten,aufhalten,abhalten,festhalten,anhalten,anhalten,hielt an,dừng lại,Xe buýt sắp dừng lại. Người đi bộ có thể qua đường an toàn.,stoppen,weitergefahren (tiếp tục đi)
351,Präsens,FALLEN,Sein Verhalten fällt mir sofort ______. Niemand kann ihn übersehen.,auf,aus,ein,weg,auf,auffallen,fiel auf,gây chú ý,Hành vi của anh ấy khiến tôi chú ý ngay. Không ai có thể bỏ qua anh ấy.,bemerkbar sein,unbemerkt geblieben (không bị chú ý)
352,Präteritum,FALLEN,Sein Verhalten fiel mir sofort ______. Niemand kann ihn übersehen.,auf,aus,ein,weg,auf,auffallen,fiel auf,gây chú ý,Hành vi của anh ấy đã khiến tôi chú ý ngay. Không ai có thể bỏ qua anh ấy.,bemerkbar sein,unbemerkt geblieben (không bị chú ý)
353,Futur I,FALLEN,Sein Verhalten wird bestimmt ______. Niemand kann ihn übersehen.,auffallen,ausfallen,einfallen,wegfallen,auffallen,auffallen,fiel auf,gây chú ý,Hành vi của anh ấy chắc chắn sẽ gây chú ý. Không ai có thể bỏ qua anh ấy.,bemerkbar sein,unbemerkt geblieben (không bị chú ý)
354,Präsens,SEHEN,Die Kinder sehen jeden Abend ______. Ihre Lieblingsserie kommt nämlich heute.,fern,zu,nach,,fern,fernsehen,sah fern,xem tivi,Tối nào bọn trẻ cũng xem tivi. Vì bộ phim yêu thích của họ chiếu hôm nay.,,
355,Präteritum,SEHEN,Die Kinder sahen gestern lange ______. Ihre Lieblingsserie kommt nämlich heute.,fern,zu,nach,,fern,fernsehen,sah fern,xem tivi,Hôm qua bọn trẻ đã xem tivi rất lâu. Vì bộ phim yêu thích của họ chiếu hôm nay.,,
356,Futur I,SEHEN,Die Kinder werden heute Abend ______. Ihre Lieblingsserie kommt nämlich heute.,fernsehen,zusehen,nachsehen,ansehen,fernsehen,fernsehen,sah fern,xem tivi,Tối nay bọn trẻ sẽ xem tivi. Vì bộ phim yêu thích của họ chiếu hôm nay.,,
357,Präsens,LEGEN,Wir legen den Termin für Montag ______. Alle Teilnehmer müssen dann anwesend sein.,fest,an,auf,ein,fest,festlegen,legte fest,ấn định,Chúng tôi ấn định lịch hẹn vào thứ Hai. Tất cả người tham gia phải có mặt lúc đó.,bestimmen,
358,Präteritum,LEGEN,Wir legten den Termin für Montag ______. Alle Teilnehmer müssen dann anwesend sein.,fest,an,auf,ein,fest,festlegen,legte fest,ấn định,Chúng tôi đã ấn định lịch hẹn vào thứ Hai. Tất cả người tham gia phải có mặt lúc đó.,bestimmen,
359,Futur I,LEGEN,Wir werden den Termin bald ______. Alle Teilnehmer müssen dann anwesend sein.,festlegen,anlegen,auflegen,einlegen,festlegen,festlegen,legte fest,ấn định,Chúng tôi sẽ sớm ấn định lịch hẹn. Tất cả người tham gia phải có mặt lúc đó.,bestimmen,
360,Präsens,SCHLIESSEN,Ich schließe mein Studium bald ______. Danach möchte ich ein Praktikum machen.,ab,an,ein,aus,ab,abschließen,schloss ab,hoàn thành,Tôi sắp hoàn thành việc học đại học. Sau đó tôi muốn đi thực tập.,beenden,angefangen (bắt đầu)
361,Präteritum,SCHLIESSEN,Ich schloss mein Studium letztes Jahr ______. Danach möchte ich ein Praktikum machen.,ab,an,ein,aus,ab,abschließen,schloss ab,hoàn thành,Năm ngoái tôi đã hoàn thành việc học đại học. Sau đó tôi muốn đi thực tập.,beenden,angefangen (bắt đầu)
362,Futur I,SCHLIESSEN,Ich werde mein Studium bald ______. Danach möchte ich ein Praktikum machen.,abschließen,anschließen,einschließen,ausschließen,abschließen,abschließen,schloss ab,hoàn thành,Tôi sẽ sớm hoàn thành việc học đại học. Sau đó tôi muốn đi thực tập.,beenden,angefangen (bắt đầu)
363,Präsens,BRECHEN,Er bricht das Gespräch plötzlich ______. Das Thema ist ihm zu unangenehm.,ab,auf,aus,ein,ab,abbrechen,brach ab,chấm dứt đột ngột,Anh ấy đột nhiên chấm dứt cuộc trò chuyện. Chủ đề này khiến anh ấy khó chịu.,aufgeben,fortgesetzt (tiếp tục)
364,Präteritum,BRECHEN,Er brach das Gespräch plötzlich ______. Das Thema ist ihm zu unangenehm.,ab,auf,aus,ein,ab,abbrechen,brach ab,chấm dứt đột ngột,Anh ấy đã đột nhiên chấm dứt cuộc trò chuyện. Chủ đề này khiến anh ấy khó chịu.,aufgeben,fortgesetzt (tiếp tục)
365,Futur I,BRECHEN,Er wird das Gespräch sicher ______. Das Thema ist ihm zu unangenehm.,abbrechen,aufbrechen,ausbrechen,einbrechen,abbrechen,abbrechen,brach ab,chấm dứt đột ngột,Chắc chắn anh ấy sẽ chấm dứt cuộc trò chuyện. Chủ đề này khiến anh ấy khó chịu.,aufgeben,fortgesetzt (tiếp tục)
366,Präsens,BAUEN,Die Firma baut ein großes Netzwerk ______. Damit will sie neue Kunden gewinnen.,auf,ab,aus,um,auf,aufbauen,baute auf,xây dựng,Công ty đang xây dựng một mạng lưới lớn. Cô ấy muốn thu hút thêm khách hàng mới nhờ đó.,errichten,abgebaut (tháo dỡ)
367,Präteritum,BAUEN,Die Firma baute ein großes Netzwerk ______. Damit will sie neue Kunden gewinnen.,auf,ab,aus,um,auf,aufbauen,baute auf,xây dựng,Công ty đã xây dựng một mạng lưới lớn. Cô ấy muốn thu hút thêm khách hàng mới nhờ đó.,errichten,abgebaut (tháo dỡ)
368,Futur I,BAUEN,Die Firma wird ein großes Netzwerk ______. Damit will sie neue Kunden gewinnen.,aufbauen,abbauen,ausbauen,umbauen,aufbauen,aufbauen,baute auf,xây dựng,Công ty sẽ xây dựng một mạng lưới lớn. Cô ấy muốn thu hút thêm khách hàng mới nhờ đó.,errichten,abgebaut (tháo dỡ)
369,Präsens,LAUFEN,Mein Reisepass läuft bald ______. Ich muss ihn dringend verlängern lassen.,ab,an,aus,ein,ab,ablaufen,lief ab,hết hạn,Hộ chiếu của tôi sắp hết hạn. Tôi cần gia hạn nó gấp.,verfallen,
370,Präteritum,LAUFEN,Mein Reisepass lief letzten Monat ______. Ich muss ihn dringend verlängern lassen.,ab,an,aus,ein,ab,ablaufen,lief ab,hết hạn,Hộ chiếu của tôi đã hết hạn tháng trước. Tôi cần gia hạn nó gấp.,verfallen,
371,Futur I,LAUFEN,Mein Reisepass wird bald ______. Ich muss ihn dringend verlängern lassen.,ablaufen,anlaufen,auslaufen,einlaufen,ablaufen,ablaufen,lief ab,hết hạn,Hộ chiếu của tôi sắp hết hạn. Tôi cần gia hạn nó gấp.,verfallen,
372,Präsens,GEBEN,Sie gibt ihren Plan schließlich ______. Der Widerstand war einfach zu groß.,auf,ab,aus,zurück,auf,aufgeben,gab auf,từ bỏ,Cuối cùng cô ấy từ bỏ kế hoạch của mình. Sự phản đối đơn giản là quá lớn.,verzichten,weitergemacht (tiếp tục)
373,Präteritum,GEBEN,Sie gab ihren Plan schließlich ______. Der Widerstand war einfach zu groß.,auf,ab,aus,zurück,auf,aufgeben,gab auf,từ bỏ,Cuối cùng cô ấy đã từ bỏ kế hoạch của mình. Sự phản đối đơn giản là quá lớn.,verzichten,weitergemacht (tiếp tục)
374,Futur I,GEBEN,Sie wird ihren Plan sicher nicht ______. Der Widerstand war einfach zu groß.,aufgeben,abgeben,ausgeben,zurückgeben,aufgeben,aufgeben,gab auf,từ bỏ,Chắc chắn cô ấy sẽ không từ bỏ kế hoạch. Sự phản đối đơn giản là quá lớn.,verzichten,weitergemacht (tiếp tục)
375,Präsens,LASSEN,Der Professor lässt diese Methode nicht ______. Es gibt zu viele Risiken dabei.,zu,an,aus,ein,zu,zulassen,ließ zu,cho phép,Giáo sư không cho phép sử dụng phương pháp này. Có quá nhiều rủi ro trong đó.,erlauben,verboten (cấm)
376,Präteritum,LASSEN,Der Professor ließ diese Methode nicht ______. Es gibt zu viele Risiken dabei.,zu,an,aus,ein,zu,zulassen,ließ zu,cho phép,Giáo sư đã không cho phép sử dụng phương pháp này. Có quá nhiều rủi ro trong đó.,erlauben,verboten (cấm)
377,Futur I,LASSEN,Der Professor wird diese Methode sicher nicht ______. Es gibt zu viele Risiken dabei.,zulassen,anlassen,auslassen,einlassen,zulassen,zulassen,ließ zu,cho phép,Chắc chắn giáo sư sẽ không cho phép phương pháp này. Có quá nhiều rủi ro trong đó.,erlauben,verboten (cấm)
378,Präsens,SCHLAGEN,Ich schlage ein neues Restaurant ______. Ich möchte dort meinen Geburtstag feiern.,vor,ab,auf,ein,vor,vorschlagen,schlug vor,đề xuất,Tôi đề xuất một nhà hàng mới. Tôi muốn tổ chức sinh nhật ở đó.,empfehlen,abgelehnt (từ chối)
379,Präteritum,SCHLAGEN,Ich schlug ein neues Restaurant ______. Ich möchte dort meinen Geburtstag feiern.,vor,ab,auf,ein,vor,vorschlagen,schlug vor,đề xuất,Tôi đã đề xuất một nhà hàng mới. Tôi muốn tổ chức sinh nhật ở đó.,empfehlen,abgelehnt (từ chối)
380,Futur I,SCHLAGEN,Ich werde ein neues Restaurant ______. Ich möchte dort meinen Geburtstag feiern.,vorschlagen,abschlagen,aufschlagen,einschlagen,vorschlagen,vorschlagen,schlug vor,đề xuất,Tôi sẽ đề xuất một nhà hàng mới. Tôi muốn tổ chức sinh nhật ở đó.,empfehlen,abgelehnt (từ chối)
381,Präsens,TRETEN,Der Minister tritt wegen des Skandals ______. Die Opposition fordert das schon lange.,zurück,an,aus,ein,zurück,zurücktreten,trat zurück,từ chức,Bộ trưởng từ chức vì vụ bê bối. Phe đối lập đã yêu cầu điều đó từ lâu.,kündigen,angetreten (nhậm chức)
382,Präteritum,TRETEN,Der Minister trat wegen des Skandals ______. Die Opposition fordert das schon lange.,zurück,an,aus,ein,zurück,zurücktreten,trat zurück,từ chức,Bộ trưởng đã từ chức vì vụ bê bối. Phe đối lập đã yêu cầu điều đó từ lâu.,kündigen,angetreten (nhậm chức)
383,Futur I,TRETEN,Der Minister wird wegen des Skandals sicher ______. Die Opposition fordert das schon lange.,zurücktreten,antreten,austreten,eintreten,zurücktreten,zurücktreten,trat zurück,từ chức,Chắc chắn bộ trưởng sẽ từ chức vì vụ bê bối. Phe đối lập đã yêu cầu điều đó từ lâu.,kündigen,angetreten (nhậm chức)
384,Präsens,WERFEN,Er wirft den alten Karton ______. Er braucht ihn nicht mehr.,weg,ab,auf,um,weg,wegwerfen,warf weg,vứt bỏ,Anh ấy vứt bỏ chiếc thùng carton cũ. Anh ấy không cần nó nữa.,entsorgen,aufgehoben (giữ lại)
385,Präteritum,WERFEN,Er warf den alten Karton ______. Er braucht ihn nicht mehr.,weg,ab,auf,um,weg,wegwerfen,warf weg,vứt bỏ,Anh ấy đã vứt bỏ chiếc thùng carton cũ. Anh ấy không cần nó nữa.,entsorgen,aufgehoben (giữ lại)
386,Futur I,WERFEN,Er wird den alten Karton bald ______. Er braucht ihn nicht mehr.,wegwerfen,abwerfen,aufwerfen,umwerfen,wegwerfen,wegwerfen,warf weg,vứt bỏ,Anh ấy sẽ sớm vứt bỏ chiếc thùng carton cũ. Anh ấy không cần nó nữa.,entsorgen,aufgehoben (giữ lại)
387,Präsens,RUFEN,Ich rufe dich heute Abend ______. Es gibt nämlich etwas Wichtiges zu besprechen.,an,auf,aus,,an,anrufen,rief an,gọi điện,Tối nay tôi sẽ gọi điện cho bạn. Vì có chuyện quan trọng cần bàn.,telefonieren,
388,Präteritum,RUFEN,Ich rief dich gestern Abend ______. Es gibt nämlich etwas Wichtiges zu besprechen.,an,auf,aus,,an,anrufen,rief an,gọi điện,Tối qua tôi đã gọi điện cho bạn. Vì có chuyện quan trọng cần bàn.,telefonieren,
389,Futur I,RUFEN,Ich werde dich heute Abend ______. Es gibt nämlich etwas Wichtiges zu besprechen.,anrufen,aufrufen,ausrufen,widerrufen,anrufen,anrufen,rief an,gọi điện,Tối nay tôi sẽ gọi điện cho bạn. Vì có chuyện quan trọng cần bàn.,telefonieren,
390,Präsens,HÖREN,Der Regen hört endlich ______. Die Straßen trocknen langsam wieder.,auf,zu,an,ab,auf,aufhören,hörte auf,dừng lại (mưa tạnh),Cuối cùng mưa cũng tạnh. Đường phố đang dần khô lại.,beenden,angefangen (bắt đầu)
391,Präteritum,HÖREN,Der Regen hörte endlich ______. Die Straßen trocknen langsam wieder.,auf,zu,an,ab,auf,aufhören,hörte auf,dừng lại (mưa tạnh),Cuối cùng mưa cũng đã tạnh. Đường phố đang dần khô lại.,beenden,angefangen (bắt đầu)
392,Futur I,HÖREN,Der Regen wird bald ______. Die Straßen trocknen langsam wieder.,aufhören,zuhören,anhören,abhören,aufhören,aufhören,hörte auf,dừng lại (mưa tạnh),Mưa sẽ sớm tạnh. Đường phố đang dần khô lại.,beenden,angefangen (bắt đầu)
393,Präsens,SAGEN,Er sagt das Konzert leider ______. Der Sänger ist plötzlich erkrankt.,ab,aus,zu,,ab,absagen,sagte ab,hủy bỏ,Tiếc là anh ấy hủy buổi hòa nhạc. Ca sĩ đột nhiên bị ốm.,"canceln, stornieren",zugesagt (đồng ý)
394,Präteritum,SAGEN,Er sagte das Konzert leider ______. Der Sänger ist plötzlich erkrankt.,ab,aus,zu,,ab,absagen,sagte ab,hủy bỏ,Tiếc là anh ấy đã hủy buổi hòa nhạc. Ca sĩ đột nhiên bị ốm.,"canceln, stornieren",zugesagt (đồng ý)
395,Futur I,SAGEN,Er wird das Konzert wahrscheinlich ______. Der Sänger ist plötzlich erkrankt.,absagen,aussagen,zusagen,voraussagen,absagen,absagen,sagte ab,hủy bỏ,Có lẽ anh ấy sẽ hủy buổi hòa nhạc. Ca sĩ đột nhiên bị ốm.,"canceln, stornieren",zugesagt (đồng ý)
396,Präsens,MACHEN,Ich mache die Tür fest ______. Es zieht sonst zu sehr.,zu,auf,mit,aus,zu,zumachen,machte zu,đóng lại,Tôi đóng chặt cửa lại. Nếu không sẽ bị lùa gió quá nhiều.,schließen,aufgemacht (mở)
397,Präteritum,MACHEN,Ich machte die Tür fest ______. Es zieht sonst zu sehr.,zu,auf,mit,aus,zu,zumachen,machte zu,đóng lại,Tôi đã đóng chặt cửa lại. Nếu không sẽ bị lùa gió quá nhiều.,schließen,aufgemacht (mở)
398,Futur I,MACHEN,Ich werde die Tür gleich ______. Es zieht sonst zu sehr.,zumachen,aufmachen,mitmachen,ausmachen,zumachen,zumachen,machte zu,đóng lại,Tôi sẽ đóng cửa ngay. Nếu không sẽ bị lùa gió quá nhiều.,schließen,aufgemacht (mở)
399,Präsens,PACKEN,Ich packe meinen Koffer schon ______. Der Flug geht schon morgen früh.,ein,aus,an,,ein,einpacken,packte ein,đóng gói,Tôi đang đóng gói vali của mình. Chuyến bay là sáng sớm mai rồi.,verpacken,ausgepackt (mở gói)
400,Präteritum,PACKEN,Ich packte meinen Koffer schon ______. Der Flug geht schon morgen früh.,ein,aus,an,,ein,einpacken,packte ein,đóng gói,Tôi đã đóng gói vali của mình rồi. Chuyến bay là sáng sớm mai rồi.,verpacken,ausgepackt (mở gói)
401,Futur I,PACKEN,Ich werde meinen Koffer bald ______. Der Flug geht schon morgen früh.,einpacken,auspacken,anpacken,,einpacken,einpacken,packte ein,đóng gói,Tôi sẽ sớm đóng gói vali. Chuyến bay là sáng sớm mai rồi.,verpacken,ausgepackt (mở gói)
402,Präsens,DRÜCKEN,Sie drückt ihre Gefühle klar ______. Sie will keine Missverständnisse.,aus,ein,,,aus,ausdrücken,drückte aus,bày tỏ,Cô ấy bày tỏ cảm xúc của mình rõ ràng. Cô ấy không muốn có sự hiểu lầm nào.,äußern,verborgen (che giấu)
403,Präteritum,DRÜCKEN,Sie drückte ihre Gefühle klar ______. Sie will keine Missverständnisse.,aus,ein,,,aus,ausdrücken,drückte aus,bày tỏ,Cô ấy đã bày tỏ cảm xúc của mình rõ ràng. Cô ấy không muốn có sự hiểu lầm nào.,äußern,verborgen (che giấu)
404,Futur I,DRÜCKEN,Sie wird ihre Gefühle sicher klar ______. Sie will keine Missverständnisse.,ausdrücken,eindrücken,unterdrücken,,ausdrücken,ausdrücken,drückte aus,bày tỏ,Chắc chắn cô ấy sẽ bày tỏ cảm xúc rõ ràng. Cô ấy không muốn có sự hiểu lầm nào.,äußern,verborgen (che giấu)
405,Präsens,FÜHREN,Die Firma führt die Untersuchung erfolgreich ______. Die Ergebnisse sollen bald vorliegen.,durch,an,auf,ein,durch,durchführen,führte durch,thực hiện,Công ty đang tiến hành cuộc điều tra thành công. Kết quả sẽ sớm được công bố.,ausführen,
406,Präteritum,FÜHREN,Die Firma führte die Untersuchung erfolgreich ______. Die Ergebnisse sollen bald vorliegen.,durch,an,auf,ein,durch,durchführen,führte durch,thực hiện,Công ty đã tiến hành cuộc điều tra thành công. Kết quả sẽ sớm được công bố.,ausführen,
407,Futur I,FÜHREN,Die Firma wird die Untersuchung erfolgreich ______. Die Ergebnisse sollen bald vorliegen.,durchführen,anführen,aufführen,einführen,durchführen,durchführen,führte durch,thực hiện,Công ty sẽ tiến hành cuộc điều tra thành công. Kết quả sẽ sớm được công bố.,ausführen,
408,Präsens,RICHTEN,Sie richtet die neue Wohnung schön ______. Sie hat lange nach den passenden Möbeln gesucht.,ein,auf,aus,,ein,einrichten,richtete ein,trang bị,Cô ấy trang trí căn hộ mới rất đẹp. Cô ấy đã tìm kiếm lâu để có đồ nội thất phù hợp.,ausstatten,
409,Präteritum,RICHTEN,Sie richtete die neue Wohnung schön ______. Sie hat lange nach den passenden Möbeln gesucht.,ein,auf,aus,,ein,einrichten,richtete ein,trang bị,Cô ấy đã trang trí căn hộ mới rất đẹp. Cô ấy đã tìm kiếm lâu để có đồ nội thất phù hợp.,ausstatten,
410,Futur I,RICHTEN,Sie wird die neue Wohnung schön ______. Sie hat lange nach den passenden Möbeln gesucht.,einrichten,aufrichten,ausrichten,berichten,einrichten,einrichten,richtete ein,trang bị,Cô ấy sẽ trang trí căn hộ mới thật đẹp. Cô ấy đã tìm kiếm lâu để có đồ nội thất phù hợp.,ausstatten,
411,Präsens,BINDEN,Der Chef bindet alle Mitarbeiter ins Projekt ______. Ihre Meinung ist ihm wichtig.,ein,an,los,,ein,einbinden,band ein,tích hợp,Sếp đưa tất cả nhân viên vào dự án. Ý kiến của họ rất quan trọng với anh ấy.,integrieren,ausgeschlossen (loại trừ)
412,Präteritum,BINDEN,Der Chef band alle Mitarbeiter ins Projekt ______. Ihre Meinung ist ihm wichtig.,ein,an,los,,ein,einbinden,band ein,tích hợp,Sếp đã đưa tất cả nhân viên vào dự án. Ý kiến của họ rất quan trọng với anh ấy.,integrieren,ausgeschlossen (loại trừ)
413,Futur I,BINDEN,Der Chef wird alle Mitarbeiter ins Projekt ______. Ihre Meinung ist ihm wichtig.,einbinden,anbinden,losbinden,verbinden,einbinden,einbinden,band ein,tích hợp,Sếp sẽ đưa tất cả nhân viên vào dự án. Ý kiến của họ rất quan trọng với anh ấy.,integrieren,ausgeschlossen (loại trừ)
414,Präsens,DECKEN,Der Journalist deckt den Skandal ______. Die Öffentlichkeit soll die Wahrheit erfahren.,auf,zu,ab,,auf,aufdecken,deckte auf,phanh phui,Nhà báo phanh phui vụ bê bối. Công chúng cần biết sự thật.,enthüllen,verborgen (che giấu)
415,Präteritum,DECKEN,Der Journalist deckte den Skandal ______. Die Öffentlichkeit soll die Wahrheit erfahren.,auf,zu,ab,,auf,aufdecken,deckte auf,phanh phui,Nhà báo đã phanh phui vụ bê bối. Công chúng cần biết sự thật.,enthüllen,verborgen (che giấu)
416,Futur I,DECKEN,Der Journalist wird den Skandal sicher ______. Die Öffentlichkeit soll die Wahrheit erfahren.,aufdecken,zudecken,abdecken,entdecken,aufdecken,aufdecken,deckte auf,phanh phui,Chắc chắn nhà báo sẽ phanh phui vụ bê bối. Công chúng cần biết sự thật.,enthüllen,verborgen (che giấu)
417,Präsens,TEILEN,Er teilt mir die schlechte Nachricht sofort ______. Er will sie nicht im Ungewissen lassen.,mit,ein,,,mit,mitteilen,teilte mit,thông báo,Anh ấy báo ngay cho tôi tin xấu. Anh ấy không muốn để cô ấy mù mờ thông tin.,informieren,verschwiegen (giấu kín)
418,Präteritum,TEILEN,Er teilte mir die schlechte Nachricht sofort ______. Er will sie nicht im Ungewissen lassen.,mit,ein,,,mit,mitteilen,teilte mit,thông báo,Anh ấy đã báo ngay cho tôi tin xấu. Anh ấy không muốn để cô ấy mù mờ thông tin.,informieren,verschwiegen (giấu kín)
419,Futur I,TEILEN,Er wird mir die schlechte Nachricht sofort ______. Er will sie nicht im Ungewissen lassen.,mitteilen,einteilen,verteilen,zerteilen,mitteilen,mitteilen,teilte mit,thông báo,Anh ấy sẽ báo ngay cho tôi tin xấu. Anh ấy không muốn để cô ấy mù mờ thông tin.,informieren,verschwiegen (giấu kín)
420,Präsens,PASSEN,Ich passe im Unterricht gut ______. Der Stoff ist nämlich sehr wichtig für die Prüfung.,auf,an,,,auf,aufpassen,passte auf,chú ý,Tôi chú ý tốt trong giờ học. Vì nội dung đó rất quan trọng cho kỳ thi.,achtgeben,
421,Präteritum,PASSEN,Ich passte im Unterricht gut ______. Der Stoff ist nämlich sehr wichtig für die Prüfung.,auf,an,,,auf,aufpassen,passte auf,chú ý,Tôi đã chú ý tốt trong giờ học. Vì nội dung đó rất quan trọng cho kỳ thi.,achtgeben,
422,Futur I,PASSEN,Ich werde im Unterricht gut ______. Der Stoff ist nämlich sehr wichtig für die Prüfung.,aufpassen,anpassen,verpassen,,aufpassen,aufpassen,passte auf,chú ý,Tôi sẽ chú ý tốt trong giờ học. Vì nội dung đó rất quan trọng cho kỳ thi.,achtgeben,
423,Präsens,HOLEN,Ich hole meine Tochter von der Schule ______. Die Schule endet um vierzehn Uhr.,ab,ein,,,ab,abholen,holte ab,đón,Tôi đón con gái từ trường về. Trường tan học lúc hai giờ chiều.,einsammeln,gebracht (đưa đi)
424,Präteritum,HOLEN,Ich holte meine Tochter von der Schule ______. Die Schule endet um vierzehn Uhr.,ab,ein,,,ab,abholen,holte ab,đón,Tôi đã đón con gái từ trường về. Trường tan học lúc hai giờ chiều.,einsammeln,gebracht (đưa đi)
425,Futur I,HOLEN,Ich werde meine Tochter von der Schule ______. Die Schule endet um vierzehn Uhr.,abholen,einholen,erholen,,abholen,abholen,holte ab,đón,Tôi sẽ đón con gái từ trường về. Trường tan học lúc hai giờ chiều.,einsammeln,gebracht (đưa đi)
426,Präsens,LESEN,Die Mutter liest dem Kind eine Geschichte ______. Das gehört zu ihrem Abendritual.,vor,durch,aus,,vor,vorlesen,las vor,đọc cho nghe,Người mẹ đọc truyện cho con nghe. Đó là thói quen buổi tối của họ.,rezitieren,
427,Präteritum,LESEN,Die Mutter las dem Kind eine Geschichte ______. Das gehört zu ihrem Abendritual.,vor,durch,aus,,vor,vorlesen,las vor,đọc cho nghe,Người mẹ đã đọc truyện cho con nghe. Đó là thói quen buổi tối của họ.,rezitieren,
428,Futur I,LESEN,Die Mutter wird dem Kind eine Geschichte ______. Das gehört zu ihrem Abendritual.,vorlesen,durchlesen,auslesen,verlesen,vorlesen,vorlesen,las vor,đọc cho nghe,Người mẹ sẽ đọc truyện cho con nghe. Đó là thói quen buổi tối của họ.,rezitieren,
429,Präsens,DENKEN,Er ______ die Entscheidung gut. Die Folgen könnten sonst schwerwiegend sein.,bedenkt,überdenkt,,,bedenkt,bedenken,bedachte,cân nhắc,Anh ấy cân nhắc kỹ quyết định này. Nếu không hậu quả có thể rất nghiêm trọng.,überlegen,
430,Präteritum,DENKEN,Er ______ die Entscheidung gut. Die Folgen könnten sonst schwerwiegend sein.,bedachte,überdachte,,,bedachte,bedenken,bedachte,cân nhắc,Anh ấy cân nhắc kỹ quyết định này. Nếu không hậu quả có thể rất nghiêm trọng.,überlegen,
431,Futur I,DENKEN,Er wird die Entscheidung gut ______. Die Folgen könnten sonst schwerwiegend sein.,bedenken,überdenken,nachdenken,,bedenken,bedenken,bedachte,cân nhắc,Anh ấy sẽ cân nhắc kỹ quyết định này. Nếu không hậu quả có thể rất nghiêm trọng.,überlegen,
432,Präsens,KENNEN,Er ______ sofort seinen Fehler. Er entschuldigt sich sofort dafür.,erkennt,bekennt,,,erkennt,erkennen,erkannte,nhận ra,Anh ấy nhận ra lỗi của mình ngay lập tức. Anh ấy xin lỗi ngay vì điều đó.,wahrnehmen,verkannt (đánh giá sai)
433,Präteritum,KENNEN,Er ______ sofort seinen Fehler. Er entschuldigt sich sofort dafür.,erkannte,bekannte,,,erkannte,erkennen,erkannte,nhận ra,Anh ấy nhận ra lỗi của mình ngay lập tức. Anh ấy xin lỗi ngay vì điều đó.,wahrnehmen,verkannt (đánh giá sai)
434,Futur I,KENNEN,Er wird seinen Fehler sicher ______. Er entschuldigt sich sofort dafür.,erkennen,bekennen,auskennen,,erkennen,erkennen,erkannte,nhận ra,Chắc chắn anh ấy sẽ nhận ra lỗi của mình. Anh ấy xin lỗi ngay vì điều đó.,wahrnehmen,verkannt (đánh giá sai)
435,Präsens,FRAGEN,"Ich frage noch einmal ______, weil ich es nicht verstanden habe. Die Erklärung war mir zu kompliziert.",nach,an,,,nach,nachfragen,fragte nach,hỏi lại,Tôi hỏi lại một lần nữa vì chưa hiểu. Lời giải thích quá phức tạp với tôi.,sich erkundigen,
436,Präteritum,FRAGEN,"Ich fragte noch einmal ______, weil ich es nicht verstanden hatte. Die Erklärung war mir zu kompliziert.",nach,an,,,nach,nachfragen,fragte nach,hỏi lại,Tôi đã hỏi lại một lần nữa vì chưa hiểu. Lời giải thích quá phức tạp với tôi.,sich erkundigen,
437,Futur I,FRAGEN,Ich werde noch einmal ______. Die Erklärung war mir zu kompliziert.,nachfragen,anfragen,befragen,,nachfragen,nachfragen,fragte nach,hỏi lại,Tôi sẽ hỏi lại một lần nữa. Lời giải thích quá phức tạp với tôi.,sich erkundigen,
438,Futur I,WARTEN,Wir werden ihn morgen am Bahnhof ______. Sein Zug soll in zehn Minuten ankommen.,erwarten,abwarten,,,erwarten,erwarten,erwartete,mong đợi,Ngày mai chúng tôi sẽ đợi anh ấy ở nhà ga. Tàu của anh ấy dự kiến đến trong mười phút nữa.,hoffen auf,
439,Präsens,ZEIGEN,Er zeigt seinen Ausweis am Eingang ______. Ohne ihn kommt niemand hinein.,vor,an,auf,,vor,vorzeigen,zeigte vor,xuất trình,Anh ấy xuất trình giấy tờ tùy thân ở lối vào. Không có nó thì không ai được vào.,präsentieren,versteckt (giấu đi)
440,Präteritum,ZEIGEN,Er zeigte seinen Ausweis am Eingang ______. Ohne ihn kommt niemand hinein.,vor,an,auf,,vor,vorzeigen,zeigte vor,xuất trình,Anh ấy đã xuất trình giấy tờ tùy thân ở lối vào. Không có nó thì không ai được vào.,präsentieren,versteckt (giấu đi)
441,Futur I,ZEIGEN,Er wird seinen Ausweis am Eingang ______. Ohne ihn kommt niemand hinein.,vorzeigen,anzeigen,aufzeigen,,vorzeigen,vorzeigen,zeigte vor,xuất trình,Anh ấy sẽ xuất trình giấy tờ ở lối vào. Không có nó thì không ai được vào.,präsentieren,versteckt (giấu đi)
442,Präsens,SCHAUEN,Die Kinder schauen dem Spiel begeistert ______. Sie feuern ihre Mannschaft laut an.,zu,an,weg,,zu,zuschauen,schaute zu,"xem, theo dõi",Bọn trẻ hào hứng theo dõi trận đấu. Họ cổ vũ đội của mình rất nhiệt tình.,beobachten,mitgemacht (tham gia)
443,Präteritum,SCHAUEN,Die Kinder schauten dem Spiel begeistert ______. Sie feuern ihre Mannschaft laut an.,zu,an,weg,,zu,zuschauen,schaute zu,"xem, theo dõi",Bọn trẻ đã hào hứng theo dõi trận đấu. Họ cổ vũ đội của mình rất nhiệt tình.,beobachten,mitgemacht (tham gia)
444,Futur I,SCHAUEN,Die Kinder werden dem Spiel begeistert ______. Sie feuern ihre Mannschaft laut an.,zuschauen,anschauen,wegschauen,,zuschauen,zuschauen,schaute zu,"xem, theo dõi",Bọn trẻ sẽ hào hứng theo dõi trận đấu. Họ cổ vũ đội của mình rất nhiệt tình.,beobachten,mitgemacht (tham gia)
445,Präsens,STEIGEN,Ich steige schnell in den Bus ______. Der Bus fährt sonst ohne mich los.,ein,aus,auf,ab,ein,einsteigen,stieg ein,lên xe,Tôi nhanh chóng lên xe buýt. Nếu không xe buýt sẽ chạy mà không có tôi.,betreten,ausgestiegen (xuống xe)
446,Präteritum,STEIGEN,Ich stieg schnell in den Bus ______. Der Bus fährt sonst ohne mich los.,ein,aus,auf,ab,ein,einsteigen,stieg ein,lên xe,Tôi đã nhanh chóng lên xe buýt. Nếu không xe buýt sẽ chạy mà không có tôi.,betreten,ausgestiegen (xuống xe)
447,Futur I,STEIGEN,Ich werde schnell in den Bus ______. Der Bus fährt sonst ohne mich los.,einsteigen,aussteigen,aufsteigen,absteigen,einsteigen,einsteigen,stieg ein,lên xe,Tôi sẽ nhanh chóng lên xe buýt. Nếu không xe buýt sẽ chạy mà không có tôi.,betreten,ausgestiegen (xuống xe)
448,Präsens,WENDEN,Die Firma wendet die neue Methode erfolgreich ______. Die ersten Ergebnisse sehen vielversprechend aus.,an,ab,zu,,an,anwenden,wendete an,áp dụng,Công ty áp dụng phương pháp mới thành công. Những kết quả đầu tiên trông rất hứa hẹn.,einsetzen,
449,Präteritum,WENDEN,Die Firma wendete die neue Methode erfolgreich ______. Die ersten Ergebnisse sehen vielversprechend aus.,an,ab,zu,,an,anwenden,wendete an,áp dụng,Công ty đã áp dụng phương pháp mới thành công. Những kết quả đầu tiên trông rất hứa hẹn.,einsetzen,
450,Futur I,WENDEN,Die Firma wird die neue Methode erfolgreich ______. Die ersten Ergebnisse sehen vielversprechend aus.,anwenden,abwenden,zuwenden,verwenden,anwenden,anwenden,wendete an,áp dụng,Công ty sẽ áp dụng phương pháp mới thành công. Những kết quả đầu tiên trông rất hứa hẹn.,einsetzen,
451,Futur I,REISEN,Meine Eltern werden über Ostern ______. Sie freuen sich schon lange darauf.,verreisen,abreisen,,,verreisen,verreisen,verreiste,đi du lịch xa,Bố mẹ tôi sẽ đi du lịch xa vào dịp lễ Phục sinh. Họ đã mong chờ điều này từ lâu.,wegfahren,zu Hause geblieben (ở nhà)
452,Futur I,LIEGEN/SITZEN,Er wird sicher ein großes Talent ______. Seine Lehrer haben es früh erkannt.,besitzen,vorliegen,unterliegen,,besitzen,besitzen,besaß,sở hữu,Chắc chắn anh ấy sẽ sở hữu một tài năng lớn. Thầy cô của anh ấy đã nhận ra điều đó từ sớm.,haben,
453,Präsens,TRAGEN,Die Kosten ______ tausend Euro. Das liegt über dem ursprünglichen Budget.,betragen,übertragen,,,betragen,betragen,betrug,có giá trị là,Chi phí là một nghìn euro. Con số đó vượt quá ngân sách ban đầu.,ausmachen,
454,Präteritum,TRAGEN,Die Kosten ______ tausend Euro. Das liegt über dem ursprünglichen Budget.,betrugen,übertrugen,,,betrugen,betragen,betrug,có giá trị là,Chi phí là một nghìn euro. Con số đó vượt quá ngân sách ban đầu.,ausmachen,
455,Futur I,TRAGEN,Die Kosten werden tausend Euro ______. Das liegt über dem ursprünglichen Budget.,betragen,übertragen,vertragen,austragen,betragen,betragen,betrug,có giá trị là,Chi phí sẽ là một nghìn euro. Con số đó vượt quá ngân sách ban đầu.,ausmachen,
456,Präsens,FINDEN,Er ______ eine neue Methode. Damit will er vielen Menschen helfen.,erfindet,befindet,,,erfindet,erfinden,erfand,phát minh,Anh ấy phát minh ra một phương pháp mới. Anh ấy muốn giúp đỡ nhiều người nhờ đó.,entwickeln,
457,Präteritum,FINDEN,Er ______ eine neue Methode. Damit will er vielen Menschen helfen.,erfand,befand,,,erfand,erfinden,erfand,phát minh,Anh ấy phát minh ra một phương pháp mới. Anh ấy muốn giúp đỡ nhiều người nhờ đó.,entwickeln,
458,Futur I,FINDEN,Er wird eine neue Methode ______. Damit will er vielen Menschen helfen.,erfinden,befinden,,,erfinden,erfinden,erfand,phát minh,Anh ấy sẽ phát minh ra một phương pháp mới. Anh ấy muốn giúp đỡ nhiều người nhờ đó.,entwickeln,
459,Präsens,SCHNEIDEN,Der Friseur schneidet mir die Haare kurz ______. Ich sehe dadurch viel gepflegter aus.,ab,aus,auf,,ab,abschneiden,schnitt ab,cắt ngắn,Thợ cắt tóc cắt tóc tôi ngắn. Nhờ vậy trông tôi gọn gàng hơn nhiều.,wegschneiden,wachsen gelassen (để mọc dài ra)
460,Präteritum,SCHNEIDEN,Der Friseur schnitt mir die Haare kurz ______. Ich sehe dadurch viel gepflegter aus.,ab,aus,auf,,ab,abschneiden,schnitt ab,cắt ngắn,Thợ cắt tóc đã cắt tóc tôi ngắn. Nhờ vậy trông tôi gọn gàng hơn nhiều.,wegschneiden,wachsen gelassen (để mọc dài ra)
461,Futur I,SCHNEIDEN,Der Friseur wird mir die Haare kurz ______. Ich sehe dadurch viel gepflegter aus.,abschneiden,ausschneiden,aufschneiden,zerschneiden,abschneiden,abschneiden,schnitt ab,cắt ngắn,Thợ cắt tóc sẽ cắt tóc tôi ngắn. Nhờ vậy trông tôi gọn gàng hơn nhiều.,wegschneiden,wachsen gelassen (để mọc dài ra)
462,Präsens,DREHEN,Er dreht sich schnell ______ und geht weg. Er hat nämlich sein Handy vergessen.,um,an,ab,,um,umdrehen,drehte um,quay người lại,Anh ấy nhanh chóng quay người lại và bỏ đi. Vì anh ấy quên điện thoại của mình.,wenden,
463,Präteritum,DREHEN,Er drehte sich schnell ______ und ging weg. Er hat nämlich sein Handy vergessen.,um,an,ab,,um,umdrehen,drehte um,quay người lại,Anh ấy đã nhanh chóng quay người lại và bỏ đi. Vì anh ấy quên điện thoại của mình.,wenden,
464,Futur I,DREHEN,Er wird sich schnell ______ und weggehen. Er hat nämlich sein Handy vergessen.,umdrehen,andrehen,abdrehen,verdrehen,umdrehen,umdrehen,drehte um,quay người lại,Anh ấy sẽ nhanh chóng quay người lại và bỏ đi. Vì anh ấy quên điện thoại của mình.,wenden,
465,Präsens,SCHALTEN,Ich schalte den Fernseher ______. Die Nachrichten fangen gleich an.,ein,aus,um,,ein,einschalten,schaltete ein,bật,Tôi bật tivi. Bản tin sắp bắt đầu rồi.,anmachen,ausgeschaltet (tắt)
466,Präteritum,SCHALTEN,Ich schaltete den Fernseher ______. Die Nachrichten fangen gleich an.,ein,aus,um,,ein,einschalten,schaltete ein,bật,Tôi đã bật tivi. Bản tin sắp bắt đầu rồi.,anmachen,ausgeschaltet (tắt)
467,Futur I,SCHALTEN,Ich werde den Fernseher ______. Die Nachrichten fangen gleich an.,einschalten,ausschalten,umschalten,,einschalten,einschalten,schaltete ein,bật,Tôi sẽ bật tivi. Bản tin sắp bắt đầu rồi.,anmachen,ausgeschaltet (tắt)
468,Präsens,FÜLLEN,Ich fülle das Formular vollständig ______. Sonst wird mein Antrag nicht bearbeitet.,aus,ein,,,aus,ausfüllen,füllte aus,điền,Tôi điền đầy đủ vào biểu mẫu. Nếu không đơn của tôi sẽ không được xử lý.,eintragen,
469,Präteritum,FÜLLEN,Ich füllte das Formular vollständig ______. Sonst wird mein Antrag nicht bearbeitet.,aus,ein,,,aus,ausfüllen,füllte aus,điền,Tôi đã điền đầy đủ vào biểu mẫu. Nếu không đơn của tôi sẽ không được xử lý.,eintragen,
470,Futur I,FÜLLEN,Ich werde das Formular vollständig ______. Sonst wird mein Antrag nicht bearbeitet.,ausfüllen,einfüllen,erfüllen,,ausfüllen,ausfüllen,füllte aus,điền,Tôi sẽ điền đầy đủ vào biểu mẫu. Nếu không đơn của tôi sẽ không được xử lý.,eintragen,
471,Präsens,WACHEN,Der Wächter ______ das Gebäude rund um die Uhr. Niemand soll unbemerkt hineinkommen.,bewacht,überwacht,,,bewacht,bewachen,bewachte,canh gác,Người bảo vệ canh gác tòa nhà suốt ngày đêm. Không ai được phép lọt vào mà không bị phát hiện.,beschützen,
472,Präteritum,WACHEN,Der Wächter ______ das Gebäude die ganze Nacht. Niemand soll unbemerkt hineinkommen.,bewachte,überwachte,,,bewachte,bewachen,bewachte,canh gác,Người bảo vệ đã canh gác tòa nhà suốt đêm. Không ai được phép lọt vào mà không bị phát hiện.,beschützen,
473,Futur I,WACHEN,Der Wächter wird das Gebäude ______. Niemand soll unbemerkt hineinkommen.,bewachen,überwachen,erwachen,aufwachen,bewachen,bewachen,bewachte,canh gác,Người bảo vệ sẽ canh gác tòa nhà. Không ai được phép lọt vào mà không bị phát hiện.,beschützen,
474,Futur I,KLEIDEN,Die Mutter wird das Baby warm ______. Draußen ist es nämlich sehr kalt.,ankleiden,verkleiden,,,ankleiden,ankleiden,kleidete an,mặc quần áo cho,Người mẹ sẽ mặc ấm cho em bé. Vì bên ngoài trời rất lạnh.,sich anziehen,ausgezogen (cởi đồ)
475,Präsens,ATMEN,Er atmet tief die frische Luft ______. Das beruhigt ihn nach der langen Autofahrt.,ein,aus,,,ein,einatmen,atmete ein,hít vào,Anh ấy hít thở sâu bầu không khí trong lành. Điều đó giúp anh ấy bình tĩnh lại sau chuyến lái xe dài.,inhalieren,ausgeatmet (thở ra)
476,Präteritum,ATMEN,Er atmete tief die frische Luft ______. Das beruhigt ihn nach der langen Autofahrt.,ein,aus,,,ein,einatmen,atmete ein,hít vào,Anh ấy đã hít thở sâu bầu không khí trong lành. Điều đó giúp anh ấy bình tĩnh lại sau chuyến lái xe dài.,inhalieren,ausgeatmet (thở ra)
477,Futur I,ATMEN,Er wird tief die frische Luft ______. Das beruhigt ihn nach der langen Autofahrt.,einatmen,ausatmen,,,einatmen,einatmen,atmete ein,hít vào,Anh ấy sẽ hít thở sâu bầu không khí trong lành. Điều đó giúp anh ấy bình tĩnh lại sau chuyến lái xe dài.,inhalieren,ausgeatmet (thở ra)
478,Futur I,SAMMELN,Alle Mitarbeiter werden sich im Konferenzraum ______. Der Chef hat wichtige Neuigkeiten.,versammeln,einsammeln,,,versammeln,versammeln,versammelte,tập hợp,Tất cả nhân viên sẽ tập trung tại phòng họp. Sếp có tin quan trọng.,zusammenkommen,zerstreut (giải tán)
479,Futur I,ÄNDERN,Die Stadt wird sich in den nächsten Jahren stark ______. Viele neue Firmen ziehen dorthin.,verändern,abändern,,,verändern,verändern,veränderte,thay đổi,Thành phố sẽ thay đổi nhiều trong những năm tới. Nhiều công ty mới đang chuyển đến đó.,umwandeln,
480,Präsens,SPIELEN,Alle Kinder spielen bei dem Spiel ______. Niemand möchte draußen bleiben.,mit,ab,vor,,mit,mitspielen,spielte mit,chơi cùng,Tất cả bọn trẻ cùng chơi trò chơi đó. Không ai muốn đứng ngoài cả.,teilnehmen,zugeschaut (đứng xem)
481,Präteritum,SPIELEN,Alle Kinder spielten bei dem Spiel ______. Niemand möchte draußen bleiben.,mit,ab,vor,,mit,mitspielen,spielte mit,chơi cùng,Tất cả bọn trẻ đã cùng chơi trò chơi đó. Không ai muốn đứng ngoài cả.,teilnehmen,zugeschaut (đứng xem)
482,Futur I,SPIELEN,Alle Kinder werden bei dem Spiel ______. Niemand möchte draußen bleiben.,mitspielen,abspielen,vorspielen,,mitspielen,mitspielen,spielte mit,chơi cùng,Tất cả bọn trẻ sẽ cùng chơi trò chơi đó. Không ai muốn đứng ngoài cả.,teilnehmen,zugeschaut (đứng xem)
483,Präsens Passiv,STEHEN,Die Prüfung wird von den meisten Studenten ______. Nur wenige fallen durch.,bestanden,verstanden,,,bestanden,bestehen,bestand,được vượt qua (thi đỗ),Kỳ thi được đa số sinh viên vượt qua. Chỉ rất ít người trượt.,(eine Prüfung) schaffen,durchgefallen (thi trượt)
484,Präteritum Passiv,STEHEN,Die Prüfung wurde von allen Studenten ______. Nur wenige fallen durch.,bestanden,verstanden,,,bestanden,bestehen,bestand,được vượt qua,Kỳ thi đã được tất cả sinh viên vượt qua. Chỉ rất ít người trượt.,(eine Prüfung) schaffen,durchgefallen (thi trượt)
485,Präsens Passiv,NEHMEN,Der Vorschlag wird gern ______. Die Kollegen sind sehr zufrieden damit.,angenommen,aufgenommen,eingenommen,mitgenommen,angenommen,annehmen,nahm an,được chấp nhận,Đề xuất được chấp nhận một cách vui vẻ. Đồng nghiệp đều rất hài lòng với điều đó.,"akzeptieren, vermuten",abgelehnt (từ chối)
486,Präteritum Passiv,NEHMEN,Der Vorschlag wurde sofort ______. Die Kollegen sind sehr zufrieden damit.,angenommen,aufgenommen,eingenommen,mitgenommen,angenommen,annehmen,nahm an,được chấp nhận,Đề xuất đã được chấp nhận ngay lập tức. Đồng nghiệp đều rất hài lòng với điều đó.,"akzeptieren, vermuten",abgelehnt (từ chối)
487,Präsens Passiv,KAUFEN,Das Haus wird bald ______. Die Familie zieht bald ins Ausland.,verkauft,eingekauft,abgekauft,,verkauft,verkaufen,verkaufte,được bán,Ngôi nhà sắp được bán. Gia đình sắp chuyển ra nước ngoài.,veräußern,gekauft (mua)
488,Präteritum Passiv,KAUFEN,Das Haus wurde letztes Jahr ______. Die Familie zieht bald ins Ausland.,verkauft,eingekauft,abgekauft,,verkauft,verkaufen,verkaufte,được bán,Ngôi nhà đã được bán năm ngoái. Gia đình sắp chuyển ra nước ngoài.,veräußern,gekauft (mua)
489,Präsens Passiv,SETZEN,Neue Technologien werden hier erfolgreich ______. Die Mitarbeiter müssen dafür extra geschult werden.,eingesetzt,besetzt,versetzt,umgesetzt,eingesetzt,einsetzen,setzte ein,được sử dụng,Các công nghệ mới được sử dụng thành công ở đây. Nhân viên phải được đào tạo riêng cho việc đó.,verwenden,
490,Präteritum Passiv,SETZEN,Neue Technologien wurden letztes Jahr ______. Die Mitarbeiter müssen dafür extra geschult werden.,eingesetzt,besetzt,versetzt,umgesetzt,eingesetzt,einsetzen,setzte ein,được sử dụng,Các công nghệ mới đã được sử dụng năm ngoái. Nhân viên phải được đào tạo riêng cho việc đó.,verwenden,
491,Präsens Passiv,SCHREIBEN,Der Vertrag wird morgen ______. Beide Seiten sind mit den Bedingungen einverstanden.,unterschrieben,beschrieben,verschrieben,abgeschrieben,unterschrieben,unterschreiben,unterschrieb,được ký,Hợp đồng sẽ được ký vào ngày mai. Cả hai bên đều đồng ý với các điều khoản.,signieren,
492,Präteritum Passiv,SCHREIBEN,Der Vertrag wurde gestern ______. Beide Seiten sind mit den Bedingungen einverstanden.,unterschrieben,beschrieben,verschrieben,abgeschrieben,unterschrieben,unterschreiben,unterschrieb,được ký,Hợp đồng đã được ký hôm qua. Cả hai bên đều đồng ý với các điều khoản.,signieren,
493,Präsens Passiv,STELLEN,Diese Möbel werden in Deutschland ______. Die Qualität ist bekanntlich sehr hoch.,hergestellt,bestellt,vorgestellt,aufgestellt,hergestellt,herstellen,stellte her,được sản xuất,Những món đồ nội thất này được sản xuất tại Đức. Chất lượng vốn nổi tiếng là rất cao.,produzieren,
494,Präteritum Passiv,STELLEN,Diese Möbel wurden früher in Italien ______. Die Qualität ist bekanntlich sehr hoch.,hergestellt,bestellt,vorgestellt,aufgestellt,hergestellt,herstellen,stellte her,được sản xuất,Trước đây những món đồ nội thất này được sản xuất tại Ý. Chất lượng vốn nổi tiếng là rất cao.,produzieren,
495,Präsens Passiv,HALTEN,Die Konferenz wird in Berlin ______. Über zweihundert Gäste werden erwartet.,abgehalten,eingehalten,angehalten,aufgehalten,abgehalten,abhalten,hielt ab,được tổ chức,Hội nghị được tổ chức tại Berlin. Hơn hai trăm khách được mời tham dự.,durchführen,
496,Präteritum Passiv,HALTEN,Die Konferenz wurde letztes Jahr in Berlin ______. Über zweihundert Gäste werden erwartet.,abgehalten,eingehalten,angehalten,aufgehalten,abgehalten,abhalten,hielt ab,được tổ chức,Hội nghị đã được tổ chức tại Berlin năm ngoái. Hơn hai trăm khách được mời tham dự.,durchführen,
497,Präsens Passiv,LEGEN,Der Termin wird für Montag ______. Alle Abteilungsleiter müssen daran teilnehmen.,festgelegt,vorgelegt,angelegt,verlegt,festgelegt,festlegen,legte fest,được ấn định,Lịch hẹn được ấn định vào thứ Hai. Tất cả trưởng phòng phải tham dự buổi đó.,bestimmen,
498,Präteritum Passiv,LEGEN,Der Termin wurde für Montag ______. Alle Abteilungsleiter müssen daran teilnehmen.,festgelegt,vorgelegt,angelegt,verlegt,festgelegt,festlegen,legte fest,được ấn định,Lịch hẹn đã được ấn định vào thứ Hai. Tất cả trưởng phòng phải tham dự buổi đó.,bestimmen,
499,Präsens Passiv,SCHLIESSEN,Die Tür wird jeden Abend ______. Die Tür lässt sich sonst nicht sichern.,abgeschlossen,verschlossen,angeschlossen,eingeschlossen,abgeschlossen,abschließen,schloss ab,được khóa,Cửa được khóa mỗi tối. Nếu không cửa sẽ không khóa được.,beenden,angefangen (bắt đầu)
500,Präteritum Passiv,SCHLIESSEN,Die Tür wurde gestern Abend ______. Die Tür lässt sich sonst nicht sichern.,abgeschlossen,verschlossen,angeschlossen,eingeschlossen,abgeschlossen,abschließen,schloss ab,được khóa,Cửa đã được khóa tối qua. Nếu không cửa sẽ không khóa được.,beenden,angefangen (bắt đầu)
501,Präsens Passiv,BAUEN,Ein neues Netzwerk wird gerade ______. Das soll die Zusammenarbeit verbessern.,aufgebaut,abgebaut,ausgebaut,umgebaut,aufgebaut,aufbauen,baute auf,được xây dựng,Một mạng lưới mới đang được xây dựng. Điều đó nhằm cải thiện sự hợp tác.,errichten,abgebaut (tháo dỡ)
502,Präteritum Passiv,BAUEN,Das alte Haus wurde letztes Jahr komplett ______. Die alten Räume waren nämlich zu klein.,umgebaut,aufgebaut,abgebaut,ausgebaut,umgebaut,aufbauen,baute auf,được cải tạo,Ngôi nhà cũ đã được cải tạo hoàn toàn năm ngoái. Vì các phòng cũ quá chật.,errichten,abgebaut (tháo dỡ)
503,Präsens Passiv,GEBEN,Der Preis wird jedes Jahr ______. Eine unabhängige Jury entscheidet darüber.,vergeben,abgegeben,ausgegeben,zurückgegeben,vergeben,vergeben,vergab,được trao,Giải thưởng được trao hằng năm. Một ban giám khảo độc lập quyết định điều đó.,verleihen,
504,Präteritum Passiv,GEBEN,Der Preis wurde letztes Jahr an einen jungen Künstler ______. Eine unabhängige Jury entscheidet darüber.,vergeben,abgegeben,ausgegeben,zurückgegeben,vergeben,vergeben,vergab,được trao,Giải thưởng đã được trao cho một nghệ sĩ trẻ năm ngoái. Một ban giám khảo độc lập quyết định điều đó.,verleihen,
505,Präsens Passiv,RICHTEN,Die neue Wohnung wird gerade schön ______. Der Kunde hat besondere Wünsche geäußert.,eingerichtet,berichtet,aufgerichtet,ausgerichtet,eingerichtet,einrichten,richtete ein,được trang trí,Căn hộ mới đang được trang trí đẹp mắt. Khách hàng đã đưa ra yêu cầu đặc biệt.,ausstatten,
506,Präteritum Passiv,RICHTEN,Die neue Wohnung wurde letzten Monat schön ______. Der Kunde hat besondere Wünsche geäußert.,eingerichtet,berichtet,aufgerichtet,ausgerichtet,eingerichtet,einrichten,richtete ein,được trang trí,Căn hộ mới đã được trang trí đẹp mắt tháng trước. Khách hàng đã đưa ra yêu cầu đặc biệt.,ausstatten,
507,Präsens Passiv,FÜHREN,Die Untersuchung wird gerade ______. Die Ergebnisse werden später veröffentlicht.,durchgeführt,eingeführt,angeführt,aufgeführt,durchgeführt,durchführen,führte durch,được tiến hành,Cuộc điều tra đang được tiến hành. Kết quả sẽ được công bố sau.,ausführen,
508,Präteritum Passiv,FÜHREN,Die Untersuchung wurde letzte Woche ______. Die Ergebnisse werden später veröffentlicht.,durchgeführt,eingeführt,angeführt,aufgeführt,durchgeführt,durchführen,führte durch,được tiến hành,Cuộc điều tra đã được tiến hành tuần trước. Kết quả sẽ được công bố sau.,ausführen,
509,Präsens Passiv,TEILEN,Die Bücher werden an alle Schüler ______. Jeder soll die gleichen Informationen erhalten.,verteilt,eingeteilt,mitgeteilt,zerteilt,verteilt,verteilen,verteilte,được phát,Sách được phát cho tất cả học sinh. Mọi người cần nhận được thông tin như nhau.,austeilen,gesammelt (thu gom)
510,Präteritum Passiv,TEILEN,Die Bücher wurden gestern an alle Schüler ______. Jeder soll die gleichen Informationen erhalten.,verteilt,eingeteilt,mitgeteilt,zerteilt,verteilt,verteilen,verteilte,được phát,Sách đã được phát cho tất cả học sinh hôm qua. Mọi người cần nhận được thông tin như nhau.,austeilen,gesammelt (thu gom)
511,Präsens Passiv,DECKEN,"Der Skandal wird gerade von einem Journalisten ______. Die Firma hat lange versucht, ihn zu vertuschen.",aufgedeckt,entdeckt,zugedeckt,abgedeckt,aufgedeckt,aufdecken,deckte auf,bị phanh phui,Vụ bê bối đang bị một nhà báo phanh phui. Công ty đã cố che giấu nó từ lâu.,enthüllen,verborgen (che giấu)
512,Präteritum Passiv,DECKEN,"Der Skandal wurde letzte Woche ______. Die Firma hat lange versucht, ihn zu vertuschen.",aufgedeckt,entdeckt,zugedeckt,abgedeckt,aufgedeckt,aufdecken,deckte auf,bị phanh phui,Vụ bê bối đã bị phanh phui tuần trước. Công ty đã cố che giấu nó từ lâu.,enthüllen,verborgen (che giấu)
513,Präsens Passiv,SCHLAGEN,Ein neues Restaurant wird von ihm ______. Die Kritiken darüber sind sehr positiv.,vorgeschlagen,abgeschlagen,aufgeschlagen,eingeschlagen,vorgeschlagen,vorschlagen,schlug vor,được đề xuất,Một nhà hàng mới được anh ấy đề xuất. Các đánh giá về nó đều rất tích cực.,empfehlen,abgelehnt (từ chối)
514,Präteritum Passiv,SCHLAGEN,Ein neues Restaurant wurde von ihm ______. Die Kritiken darüber sind sehr positiv.,vorgeschlagen,abgeschlagen,aufgeschlagen,eingeschlagen,vorgeschlagen,vorschlagen,schlug vor,được đề xuất,Một nhà hàng mới đã được anh ấy đề xuất. Các đánh giá về nó đều rất tích cực.,empfehlen,abgelehnt (từ chối)
515,Präsens Passiv,ZEIGEN,Der Diebstahl wird der Polizei sofort ______. Die Ermittlungen beginnen noch heute.,angezeigt,aufgezeigt,vorgezeigt,,angezeigt,anzeigen,zeigte an,được báo (cho cảnh sát),Vụ trộm cắp được báo ngay cho cảnh sát. Cuộc điều tra sẽ bắt đầu ngay hôm nay.,melden,
516,Präteritum Passiv,ZEIGEN,Der Diebstahl wurde der Polizei sofort ______. Die Ermittlungen beginnen noch heute.,angezeigt,aufgezeigt,vorgezeigt,,angezeigt,anzeigen,zeigte an,được báo (cho cảnh sát),Vụ trộm cắp đã được báo ngay cho cảnh sát. Cuộc điều tra sẽ bắt đầu ngay hôm nay.,melden,
517,Infinitiv mit zu,STEHEN,"Er hat vergessen, ______.",aufzustehen,anzustehen,zu bestehen,zu verstehen,aufzustehen,aufstehen,stand auf,thức dậy,Anh ấy đã quên thức dậy.,sich erheben,eingeschlafen (chìm vào giấc ngủ)
518,Infinitiv mit zu,KOMMEN,"Sie hat vor, morgen früh ______.",anzukommen,mitzukommen,zurückzukommen,zu bekommen,anzukommen,ankommen,kam an,đến nơi,Cô ấy dự định sẽ đến nơi vào sáng sớm mai.,eintreffen,abgefahren (khởi hành)
519,Infinitiv mit zu,GEHEN,"Wir haben beschlossen, heute Abend ______.",auszugehen,wegzugehen,anzugehen,zuzugehen,auszugehen,ausgehen,ging aus,đi chơi,Chúng tôi đã quyết định tối nay đi chơi.,enden,zu Hause geblieben (ở nhà)
520,Infinitiv mit zu,NEHMEN,"Sie hat beschlossen, etwas ______.",abzunehmen,zuzunehmen,mitzunehmen,teilzunehmen,abzunehmen,abnehmen,nahm ab,giảm cân,Cô ấy đã quyết định giảm cân một chút.,reduzieren,zugenommen (tăng cân)
521,Infinitiv mit zu,KAUFEN,"Ich habe keine Zeit, heute ______.",einzukaufen,abzukaufen,zu verkaufen,,einzukaufen,einkaufen,kaufte ein,đi mua sắm,Tôi không có thời gian đi mua sắm hôm nay.,shoppen,
522,Infinitiv mit zu,SETZEN,"Die Firma plant, neue Technologien ______.",einzusetzen,abzusetzen,aufzusetzen,umzusetzen,einzusetzen,einsetzen,setzte ein,sử dụng,Công ty dự định sử dụng các công nghệ mới.,verwenden,
523,Infinitiv mit zu,SCHREIBEN,"Ich habe vergessen, die Nummer ______.",aufzuschreiben,abzuschreiben,umzuschreiben,zu beschreiben,aufzuschreiben,aufschreiben,schrieb auf,ghi chú,Tôi đã quên ghi lại số điện thoại.,notieren,
524,Infinitiv mit zu,FAHREN,"Der Zug beginnt jetzt, ______.",abzufahren,anzufahren,auszufahren,einzufahren,abzufahren,abfahren,fuhr ab,khởi hành,Tàu bắt đầu khởi hành.,losfahren,angekommen (đến nơi)
525,Infinitiv mit zu,STELLEN,"Sie hat vor, ihren Freund der Familie ______.",vorzustellen,abzustellen,aufzustellen,einzustellen,vorzustellen,vorstellen,stellte vor,giới thiệu,Cô ấy dự định giới thiệu bạn trai với gia đình.,präsentieren,
526,Infinitiv mit zu,ZIEHEN,"Wir haben beschlossen, nächsten Monat ______.",umzuziehen,einzuziehen,auszuziehen,anzuziehen,umzuziehen,umziehen,zog um,chuyển nhà,Chúng tôi đã quyết định chuyển nhà vào tháng sau.,übersiedeln,geblieben (ở lại)
527,Infinitiv mit zu,HALTEN,"Der Fahrer hat vergessen, an der Ampel ______.",anzuhalten,aufzuhalten,abzuhalten,einzuhalten,anzuhalten,anhalten,hielt an,dừng lại,Tài xế đã quên dừng lại ở đèn giao thông.,stoppen,weitergefahren (tiếp tục đi)
528,Infinitiv mit zu,SEHEN,"Die Kinder haben keine Lust, heute ______.",fernzusehen,zuzusehen,nachzusehen,anzusehen,fernzusehen,fernsehen,sah fern,xem tivi,Bọn trẻ không muốn xem tivi hôm nay.,,
529,Infinitiv mit zu,LEGEN,"Wir haben beschlossen, den Termin für Montag ______.",festzulegen,vorzulegen,anzulegen,einzulegen,festzulegen,festlegen,legte fest,ấn định,Chúng tôi đã quyết định ấn định lịch hẹn vào thứ Hai.,bestimmen,
530,Infinitiv mit zu,SCHLIESSEN,"Ich habe vor, mein Studium bald ______.",abzuschließen,anzuschließen,einzuschließen,auszuschließen,abzuschließen,abschließen,schloss ab,hoàn thành,Tôi dự định sẽ sớm hoàn thành việc học đại học.,beenden,angefangen (bắt đầu)
531,Infinitiv mit zu,BAUEN,"Die Firma plant, ein großes Netzwerk ______.",aufzubauen,abzubauen,auszubauen,umzubauen,aufzubauen,aufbauen,baute auf,xây dựng,Công ty dự định xây dựng một mạng lưới lớn.,errichten,abgebaut (tháo dỡ)
532,Infinitiv mit zu,GEBEN,"Sie hat sich entschlossen, ihren Plan ______.",aufzugeben,abzugeben,auszugeben,zurückzugeben,aufzugeben,aufgeben,gab auf,từ bỏ,Cô ấy đã quyết định từ bỏ kế hoạch của mình.,verzichten,weitergemacht (tiếp tục)
533,Infinitiv mit zu,LASSEN,"Der Professor weigert sich, diese Methode ______.",zuzulassen,anzulassen,auszulassen,einzulassen,zuzulassen,zulassen,ließ zu,cho phép,Giáo sư từ chối cho phép phương pháp này.,erlauben,verboten (cấm)
534,Infinitiv mit zu,SCHLAGEN,"Ich habe vor, ein neues Restaurant ______.",vorzuschlagen,abzuschlagen,aufzuschlagen,einzuschlagen,vorzuschlagen,vorschlagen,schlug vor,đề xuất,Tôi dự định đề xuất một nhà hàng mới.,empfehlen,abgelehnt (từ chối)
535,Infinitiv mit zu,WERFEN,"Er hat beschlossen, den alten Karton ______.",wegzuwerfen,abzuwerfen,aufzuwerfen,umzuwerfen,wegzuwerfen,wegwerfen,warf weg,vứt bỏ,Anh ấy đã quyết định vứt bỏ chiếc thùng carton cũ.,entsorgen,aufgehoben (giữ lại)
536,Infinitiv mit zu,RUFEN,"Ich habe vergessen, dich gestern Abend ______.",anzurufen,aufzurufen,auszurufen,,anzurufen,anrufen,rief an,gọi điện,Tôi đã quên gọi điện cho bạn tối qua.,telefonieren,
537,Infinitiv mit zu,HÖREN,Der Regen scheint bald ______.,aufzuhören,zuzuhören,anzuhören,abzuhören,aufzuhören,aufhören,hörte auf,dừng lại (mưa tạnh),Có vẻ như mưa sắp tạnh.,beenden,angefangen (bắt đầu)
538,Infinitiv mit zu,MACHEN,"Ich habe vergessen, die Tür fest ______.",zuzumachen,aufzumachen,mitzumachen,auszumachen,zuzumachen,zumachen,machte zu,đóng lại,Tôi đã quên đóng chặt cửa.,schließen,aufgemacht (mở)
539,Infinitiv mit zu,PACKEN,"Ich habe noch nicht angefangen, meinen Koffer ______.",einzupacken,auszupacken,anzupacken,,einzupacken,einpacken,packte ein,đóng gói,Tôi vẫn chưa bắt đầu đóng gói vali.,verpacken,ausgepackt (mở gói)
540,Infinitiv mit zu,FÜHREN,"Die Firma plant, die Untersuchung sofort ______.",durchzuführen,anzuführen,aufzuführen,einzuführen,durchzuführen,durchführen,führte durch,tiến hành,Công ty dự định tiến hành cuộc điều tra ngay lập tức.,ausführen,
541,Infinitiv mit zu,HOLEN,"Ich habe vergessen, meine Tochter von der Schule ______.",abzuholen,einzuholen,zu erholen,,abzuholen,abholen,holte ab,đón,Tôi đã quên đón con gái từ trường về.,einsammeln,gebracht (đưa đi)
542,Infinitiv mit zu,LESEN,"Die Mutter hat versprochen, dem Kind eine Geschichte ______.",vorzulesen,durchzulesen,auszulesen,zu verlesen,vorzulesen,vorlesen,las vor,đọc cho nghe,Người mẹ đã hứa sẽ đọc truyện cho con nghe.,rezitieren,
543,Infinitiv mit zu,ZEIGEN,"Er hat vergessen, seinen Ausweis am Eingang ______.",vorzuzeigen,anzuzeigen,aufzuzeigen,,vorzuzeigen,vorzeigen,zeigte vor,xuất trình,Anh ấy đã quên xuất trình giấy tờ ở lối vào.,präsentieren,versteckt (giấu đi)
544,Infinitiv mit zu,STEIGEN,"Ich habe es geschafft, schnell in den Bus ______.",einzusteigen,auszusteigen,aufzusteigen,abzusteigen,einzusteigen,einsteigen,stieg ein,lên xe,Tôi đã kịp nhanh chóng lên xe buýt.,betreten,ausgestiegen (xuống xe)
545,Infinitiv mit zu,SCHALTEN,"Ich habe vergessen, den Fernseher ______.",einzuschalten,auszuschalten,umzuschalten,,einzuschalten,einschalten,schaltete ein,bật,Tôi đã quên bật tivi.,anmachen,ausgeschaltet (tắt)
546,Infinitiv mit zu,SPIELEN,"Die Kinder haben Lust, bei dem Spiel ______.",mitzuspielen,abzuspielen,vorzuspielen,,mitzuspielen,mitspielen,spielte mit,chơi cùng,Bọn trẻ muốn cùng chơi trò chơi đó.,teilnehmen,zugeschaut (đứng xem)
547,dass-Satz,STEHEN,"Er sagt, dass er jeden Morgen früh ______.",aufsteht,ansteht,besteht,versteht,aufsteht,aufstehen,stand auf,thức dậy,Anh ấy nói rằng sáng nào anh ấy cũng thức dậy sớm.,sich erheben,eingeschlafen (chìm vào giấc ngủ)
548,dass-Satz,KOMMEN,"Ich glaube, dass der Zug gleich ______.",ankommt,mitkommt,zurückkommt,bekommt,ankommt,ankommen,kam an,đến nơi,Tôi nghĩ tàu sắp đến nơi.,eintreffen,abgefahren (khởi hành)
549,dass-Satz,GEHEN,"Sie erzählt, dass sie oft abends ______.",ausgeht,weggeht,angeht,zugeht,ausgeht,ausgehen,ging aus,đi chơi,Cô ấy kể rằng cô ấy thường đi chơi vào buổi tối.,enden,zu Hause geblieben (ở nhà)
550,dass-Satz,NEHMEN,"Der Arzt sagt, dass sie zu schnell ______.",abnimmt,zunimmt,mitnimmt,wegnimmt,abnimmt,abnehmen,nahm ab,giảm cân,Bác sĩ nói rằng cô ấy giảm cân quá nhanh.,reduzieren,zugenommen (tăng cân)
551,dass-Satz,KAUFEN,"Ich weiß, dass sie samstags immer ______.",einkauft,abkauft,verkauft,,einkauft,einkaufen,kaufte ein,mua sắm,Tôi biết là thứ Bảy nào cô ấy cũng đi mua sắm.,shoppen,
552,dass-Satz,SETZEN,"Man sagt, dass die Firma neue Technologien ______.",einsetzt,absetzt,aufsetzt,umsetzt,einsetzt,einsetzen,setzte ein,sử dụng,Người ta nói rằng công ty đang sử dụng các công nghệ mới.,verwenden,
553,dass-Satz,FAHREN,"Ich habe gehört, dass der Zug schon ______.",abfährt,anfährt,ausfährt,einfährt,abfährt,abfahren,fuhr ab,khởi hành,Tôi nghe nói tàu sắp khởi hành rồi.,losfahren,angekommen (đến nơi)
554,dass-Satz,STELLEN,"Man weiß, dass sie ihren Freund bald ______.",vorstellt,abstellt,aufstellt,einstellt,vorstellt,vorstellen,stellte vor,giới thiệu,Người ta biết rằng cô ấy sắp giới thiệu bạn trai.,präsentieren,
555,dass-Satz,HALTEN,"Ich sehe, dass der Bus an der Ampel ______.",anhält,aufhält,abhält,festhält,anhält,anhalten,hielt an,dừng lại,Tôi thấy xe buýt đang dừng lại ở đèn giao thông.,stoppen,weitergefahren (tiếp tục đi)
556,dass-Satz,FALLEN,"Der Lehrer merkt, dass sein Verhalten ihm sofort ______.",auffällt,ausfällt,einfällt,wegfällt,auffällt,auffallen,fiel auf,gây chú ý,Thầy giáo nhận thấy hành vi đó khiến mình chú ý ngay.,bemerkbar sein,unbemerkt geblieben (không bị chú ý)
557,dass-Satz,LEGEN,"Wir wissen, dass die Chefin den Termin für Montag ______.",festlegt,vorlegt,anlegt,einlegt,festlegt,festlegen,legte fest,ấn định,Chúng tôi biết rằng sếp ấn định lịch hẹn vào thứ Hai.,bestimmen,
558,dass-Satz,SCHLIESSEN,"Er hofft, dass er sein Studium bald ______.",abschließt,anschließt,einschließt,ausschließt,abschließt,abschließen,schloss ab,hoàn thành,Anh ấy hy vọng sẽ sớm hoàn thành việc học đại học.,beenden,angefangen (bắt đầu)
559,dass-Satz,GEBEN,"Ich fürchte, dass sie ihren Plan ______.",aufgibt,abgibt,ausgibt,zurückgibt,aufgibt,aufgeben,gab auf,từ bỏ,Tôi sợ rằng cô ấy sẽ từ bỏ kế hoạch.,verzichten,weitergemacht (tiếp tục)
560,dass-Satz,LASSEN,"Man weiß, dass der Professor diese Methode nicht ______.",zulässt,anlässt,auslässt,einlässt,zulässt,zulassen,ließ zu,cho phép,Người ta biết rằng giáo sư không cho phép phương pháp này.,erlauben,verboten (cấm)
561,dass-Satz,SCHLAGEN,"Ich glaube, dass er ein neues Restaurant ______.",vorschlägt,abschlägt,aufschlägt,einschlägt,vorschlägt,vorschlagen,schlug vor,đề xuất,Tôi nghĩ anh ấy sẽ đề xuất một nhà hàng mới.,empfehlen,abgelehnt (từ chối)
562,dass-Satz,TRETEN,"Man vermutet, dass der Minister bald ______.",zurücktritt,antritt,austritt,eintritt,zurücktritt,zurücktreten,trat zurück,từ chức,Người ta phỏng đoán bộ trưởng sắp từ chức.,kündigen,angetreten (nhậm chức)
563,dass-Satz,RUFEN,"Ich verspreche, dass ich dich heute Abend ______.",anrufe,aufrufe,ausrufe,,anrufe,anrufen,rief an,gọi điện,Tôi hứa tối nay sẽ gọi điện cho bạn.,telefonieren,
564,dass-Satz,HÖREN,"Ich hoffe, dass der Regen bald ______.",aufhört,zuhört,anhört,abhört,aufhört,aufhören,hörte auf,dừng lại (mưa tạnh),Tôi hy vọng mưa sẽ sớm tạnh.,beenden,angefangen (bắt đầu)
565,dass-Satz,MACHEN,"Ich sehe, dass er die Tür fest ______.",zumacht,aufmacht,mitmacht,ausmacht,zumacht,zumachen,machte zu,đóng lại,Tôi thấy anh ấy đóng chặt cửa lại.,schließen,aufgemacht (mở)
566,dass-Satz,FÜHREN,"Man berichtet, dass die Firma die Untersuchung erfolgreich ______.",durchführt,anführt,aufführt,einführt,durchführt,durchführen,führte durch,tiến hành,Người ta đưa tin rằng công ty đang tiến hành cuộc điều tra thành công.,ausführen,
567,dass-Satz,ZEIGEN,"Ich glaube, dass er seinen Ausweis am Eingang ______.",vorzeigt,anzeigt,aufzeigt,,vorzeigt,vorzeigen,zeigte vor,xuất trình,Tôi nghĩ anh ấy sẽ xuất trình giấy tờ ở lối vào.,präsentieren,versteckt (giấu đi)
568,dass-Satz,STEIGEN,"Ich sehe, dass er schnell in den Bus ______.",einsteigt,aussteigt,aufsteigt,absteigt,einsteigt,einsteigen,stieg ein,lên xe,Tôi thấy anh ấy nhanh chóng lên xe buýt.,betreten,ausgestiegen (xuống xe)
569,dass-Satz,SCHALTEN,"Ich merke, dass er den Fernseher ______.",einschaltet,ausschaltet,umschaltet,,einschaltet,einschalten,schaltete ein,bật,Tôi để ý thấy anh ấy bật tivi.,anmachen,ausgeschaltet (tắt)
570,dass-Satz,ATMEN,"Der Arzt sieht, dass der Patient tief ______.",einatmet,ausatmet,,,einatmet,einatmen,atmete ein,hít vào,Bác sĩ thấy bệnh nhân hít thở sâu.,inhalieren,ausgeatmet (thở ra)
571,dass-Satz,SPIELEN,"Ich freue mich, dass alle Kinder ______.",mitspielen,abspielen,vorspielen,,mitspielen,mitspielen,spielte mit,chơi cùng,Tôi vui vì tất cả bọn trẻ đều cùng chơi.,teilnehmen,zugeschaut (đứng xem)
572,W-Kompositum,warten auf,"Ich weiß nicht, ______ du wartest.",worauf,woran,womit,worüber,worauf,warten,wartete,chờ đợi cái gì,Tôi không biết bạn đang chờ đợi cái gì.,sich gedulden,
573,W-Kompositum,warten auf,"Der Kunde fragt, ______ er noch warten muss.",worauf,woran,womit,worüber,worauf,warten,wartete,chờ đợi cái gì,Khách hàng hỏi anh ta còn phải chờ đợi điều gì nữa.,sich gedulden,
574,W-Kompositum,teilnehmen an,"Ich möchte wissen, ______ sie teilnimmt.",woran,worauf,womit,worüber,woran,teilnehmen,nahm teil,tham gia cái gì,Tôi muốn biết cô ấy đang tham gia vào cái gì.,mitmachen,ferngeblieben (vắng mặt)
575,W-Kompositum,denken an,"Er fragt, ______ ich so oft denke.",woran,worauf,womit,worüber,woran,denken,dachte,nghĩ đến cái gì,Anh ấy hỏi tôi hay nghĩ đến điều gì.,,
576,W-Kompositum,denken an,"Niemand weiß, ______ sie ständig denkt.",woran,worauf,womit,worüber,woran,denken,dachte,nghĩ đến cái gì,Không ai biết cô ấy luôn nghĩ đến điều gì.,,
577,W-Kompositum,bestehen auf,"Ich verstehe nicht, ______ er so sehr besteht.",worauf,woraus,woran,womit,worauf,bestehen,bestand,khăng khăng đòi cái gì,Tôi không hiểu anh ấy khăng khăng đòi điều gì.,(eine Prüfung) schaffen,durchgefallen (thi trượt)
578,W-Kompositum,bestehen aus,"Sie erklärt, ______ der Kuchen besteht.",woraus,worauf,woran,womit,woraus,bestehen,bestand,được làm từ gì,Cô ấy giải thích chiếc bánh được làm từ những gì.,(eine Prüfung) schaffen,durchgefallen (thi trượt)
579,W-Kompositum,bestehen aus,"Ich frage mich, ______ diese Übung besteht.",woraus,worauf,woran,womit,woraus,bestehen,bestand,bao gồm những gì,Tôi tự hỏi bài tập này bao gồm những gì.,(eine Prüfung) schaffen,durchgefallen (thi trượt)
580,W-Kompositum,sprechen über,"Ich weiß nicht, ______ ihr sprecht.",worüber,worauf,woran,womit,worüber,sprechen,sprach,nói về cái gì,Tôi không biết các bạn đang nói về chuyện gì.,reden,schweigen (im lặng)
581,W-Kompositum,sich unterhalten über,"Er möchte wissen, ______ wir uns unterhalten.",worüber,woran,worauf,womit,worüber,unterhalten,unterhielt,trò chuyện về cái gì,Anh ấy muốn biết chúng tôi đang trò chuyện về điều gì.,amüsieren,gelangweilt (làm cho chán)
582,W-Kompositum,nachdenken über,"Ich frage mich, ______ er so lange nachdenkt.",worüber,woran,worauf,womit,worüber,nachdenken,dachte nach,suy nghĩ về cái gì,Tôi tự hỏi anh ấy đang suy nghĩ lâu như vậy về điều gì.,überlegen,
583,W-Kompositum,sich auskennen in,"Ich frage mich, ______ er sich so gut auskennt.",worin,woran,worauf,womit,worin,auskennen,kannte aus,rành về cái gì,Tôi tự hỏi anh ấy rành về lĩnh vực gì đến vậy.,Bescheid wissen,nicht ausgekannt (không rành)
584,W-Kompositum,aufpassen auf,"Die Mutter fragt, ______ die Kinder aufpassen sollen.",worauf,woran,womit,worüber,worauf,aufpassen,passte auf,chú ý đến cái gì,Người mẹ hỏi bọn trẻ nên chú ý đến điều gì.,achtgeben,
585,W-Kompositum,warten auf,"Ich bin gespannt, ______ sie am Flughafen wartet.",worauf,woran,womit,worüber,worauf,warten,wartete,chờ đợi cái gì,Tôi tò mò không biết cô ấy đang chờ đợi điều gì ở sân bay.,sich gedulden,
586,W-Kompositum,sprechen über,"Wisst ihr, ______ die Nachbarn die ganze Zeit sprechen?",worüber,worauf,woran,womit,worüber,sprechen,sprach,nói về cái gì,Các bạn có biết hàng xóm cứ nói mãi về chuyện gì không?,reden,schweigen (im lặng)
587,je...desto,GEBEN,"Je mehr Geld sie verdient, desto mehr Geld gibt sie ______.",aus,ein,ab,zurück,aus,ausgeben,gab aus,chi tiêu,Cô ấy kiếm được càng nhiều tiền thì càng chi tiêu nhiều.,bezahlen,gespart (tiết kiệm)
588,je...desto,NEHMEN,"Je mehr Süßigkeiten er isst, desto mehr nimmt er ______.",zu,ab,mit,weg,zu,zunehmen,nahm zu,tăng cân,Anh ấy ăn càng nhiều đồ ngọt thì càng tăng cân.,steigen,abgenommen (giảm cân)
589,je...desto,STEHEN,"Je früher man ins Bett geht, desto leichter steht man morgens ______.",auf,an,,,auf,aufstehen,stand auf,thức dậy,Đi ngủ càng sớm thì sáng dậy càng dễ.,sich erheben,eingeschlafen (chìm vào giấc ngủ)
590,je...desto,GEHEN,"Je mehr Stress er hat, desto öfter geht er abends ______.",aus,weg,an,zu,aus,ausgehen,ging aus,đi chơi,Anh ấy càng căng thẳng thì càng hay đi chơi buổi tối.,enden,zu Hause geblieben (ở nhà)
591,je...desto,KOMMEN,"Je früher du losfährst, desto früher kommst du ______.",an,mit,zurück,weg,an,ankommen,kam an,đến nơi,Bạn xuất phát càng sớm thì càng đến nơi sớm.,eintreffen,abgefahren (khởi hành)
592,je...desto,SCHLIESSEN,"Je mehr Fächer er wählt, desto später schließt er sein Studium ______.",ab,an,ein,aus,ab,abschließen,schloss ab,hoàn thành,Anh ấy chọn càng nhiều môn thì càng hoàn thành việc học muộn.,beenden,angefangen (bắt đầu)
593,je...desto,LAUFEN,"Je älter der Pass wird, desto schneller läuft er ______.",ab,an,aus,ein,ab,ablaufen,lief ab,hết hạn,Hộ chiếu càng cũ thì càng nhanh hết hạn.,verfallen,
594,je...desto,FALLEN,"Je lauter er spricht, desto mehr fällt er den anderen ______.",auf,aus,ein,weg,auf,auffallen,fiel auf,gây chú ý,Anh ấy nói càng to thì càng khiến người khác chú ý.,bemerkbar sein,unbemerkt geblieben (không bị chú ý)
595,je...desto,ZIEHEN,"Je teurer die Miete wird, desto öfter ziehen die Leute ______.",um,ein,aus,an,um,umziehen,zog um,chuyển nhà,Tiền thuê nhà càng đắt thì mọi người càng hay chuyển nhà.,übersiedeln,geblieben (ở lại)
596,je...desto,WERFEN,"Je mehr Dinge er kauft, desto mehr wirft er alte Sachen ______.",weg,ab,auf,um,weg,wegwerfen,warf weg,vứt bỏ,Anh ấy mua càng nhiều đồ thì càng vứt bỏ nhiều đồ cũ.,entsorgen,aufgehoben (giữ lại)
597,je...desto,STEIGEN,"Je voller der Bus ist, desto schwieriger steigt man ______.",ein,aus,auf,ab,ein,einsteigen,stieg ein,lên xe,Xe buýt càng đông thì càng khó lên xe.,betreten,ausgestiegen (xuống xe)
598,je...desto,BESTEHEN,"Je mehr man lernt, desto leichter kann man die Prüfung ______.",bestehen,verstehen,aufstehen,,bestehen,bestehen,bestand,vượt qua (thi đỗ),Học càng nhiều thì càng dễ vượt qua kỳ thi.,(eine Prüfung) schaffen,durchgefallen (thi trượt)
599,Đồng nghĩa,,"Der Komiker hat das Publikum gut ""unterhalten"". — Từ nào đồng nghĩa với từ trong ngoặc kép?",verleihen,amüsieren,aufsuchen,benutzen,amüsieren,unterhalten,unterhielt,giải trí; trò chuyện,Diễn viên hài đã làm khán giả rất vui.,,
600,Đồng nghĩa,,"Wir sind an der nächsten Station ""ausgestiegen"". — Từ nào đồng nghĩa với từ trong ngoặc kép?",erscheinen,einstecken,verlassen,wiedergeben,verlassen,aussteigen,stieg aus,xuống xe; rút lui,Chúng tôi đã xuống xe ở trạm tiếp theo.,,
601,Đồng nghĩa,,"Der Sänger hat ein neues Album ""aufgenommen"". — Từ nào đồng nghĩa với từ trong ngoặc kép?",renovieren,wechseln,einsetzen,aufzeichnen,aufzeichnen,aufnehmen,nahm auf,thu nhận; ghi âm,Ca sĩ đã thu âm một album mới.,,
602,Đồng nghĩa,,"Ich habe mein Handy beim Kundendienst ""abgegeben"". — Từ nào đồng nghĩa với từ trong ngoặc kép?",verleihen,eintippen,ignorieren,übergeben,übergeben,abgeben,gab ab,nộp lại; giao,Tôi đã nộp điện thoại tại trung tâm bảo hành.,,
603,Đồng nghĩa,,"Der Himmel war heute völlig ""bedeckt"". — Từ nào đồng nghĩa với từ trong ngoặc kép?",verhüllen,starten,sich anziehen,verordnen,verhüllen,bedecken,bedeckte,che phủ,Hôm nay bầu trời hoàn toàn bị mây che phủ.,,
604,Đồng nghĩa,,"Sie hat ihre Meinung klar ""ausgesprochen"". — Từ nào đồng nghĩa với từ trong ngoặc kép?",äußern,ausstatten,sich aufhalten,sich verirren,äußern,aussprechen,sprach aus,phát âm; bày tỏ,Cô ấy đã bày tỏ quan điểm của mình rõ ràng.,,
605,Đồng nghĩa,,"Der Minister ist wegen des Skandals ""zurückgetreten"". — Từ nào đồng nghĩa với từ trong ngoặc kép?",kündigen,verwenden,aufzeichnen,behandeln,kündigen,zurücktreten,trat zurück,từ chức; lùi lại,Bộ trưởng đã từ chức vì vụ bê bối.,,
606,Đồng nghĩa,,"Der Zug ist schon ""abgefahren"". — Từ nào đồng nghĩa với từ trong ngoặc kép?",verzichten,losfahren,blockieren,wechseln,losfahren,abfahren,fuhr ab,khởi hành,Tàu đã khởi hành rồi.,,
607,Đồng nghĩa,,"Er hat bei dem Streit einfach ""weggeschaut"". — Từ nào đồng nghĩa với từ trong ngoặc kép?",verschieben,verordnen,beenden,ignorieren,ignorieren,wegschauen,schaute weg,quay đi không nhìn,Anh ấy chỉ đơn giản là quay đi khi có cuộc cãi vã.,,
608,Đồng nghĩa,,"Die Pflanze ist von Schädlingen ""befallen"". — Từ nào đồng nghĩa với từ trong ngoặc kép?",einholen,zusammenkommen,heimsuchen,Eigentum sein von,heimsuchen,befallen,befiel,"xâm nhập (bệnh, sâu bọ)",Cây đã bị sâu bệnh tấn công.,,
609,Đồng nghĩa,,"Wir haben eine halbe Stunde an der Kasse ""angestanden"". — Từ nào đồng nghĩa với từ trong ngoặc kép?",mitwirken,überprüfen,amüsieren,Schlange stehen,Schlange stehen,anstehen,stand an,xếp hàng,Chúng tôi đã xếp hàng nửa tiếng ở quầy thu ngân.,,
610,Đồng nghĩa,,"Das Problem hat mich persönlich sehr ""angegangen"". — Từ nào đồng nghĩa với từ trong ngoặc kép?",betreffen,studieren,aufstellen,abrücken,betreffen,angehen,ging an,liên quan đến; bắt đầu,Vấn đề này liên quan sâu sắc đến cá nhân tôi.,,
611,Đồng nghĩa,,"Nach der Krankheit hat er sich gut ""erholt"". — Từ nào đồng nghĩa với từ trong ngoặc kép?",zusammenstoßen,zurückkehren,sich ausruhen,teilnehmen,sich ausruhen,erholen,erholte,"nghỉ ngơi, hồi phục","Sau khi ốm, anh ấy đã hồi phục tốt.",,
612,Đồng nghĩa,,"Die Feier wurde perfekt ""ausgerichtet"". — Từ nào đồng nghĩa với từ trong ngoặc kép?",verteilen,"verhören, hören",abreisen,orientieren,orientieren,ausrichten,richtete aus,định hướng; nhắn lại,Buổi lễ đã được tổ chức hoàn hảo.,,
613,Đồng nghĩa,,"Nach dem Unfall ist sie langsam wieder ""erwacht"". — Từ nào đồng nghĩa với từ trong ngoặc kép?",hinstellen,aufwachen,mitmachen,benutzen,aufwachen,erwachen,erwachte,thức tỉnh (trang trọng),"Sau vụ tai nạn, cô ấy đã từ từ tỉnh lại.",,
614,Đồng nghĩa,,"Der Teppich wurde im ganzen Raum ""ausgelegt"". — Từ nào đồng nghĩa với từ trong ngoặc kép?",ausführen,aufstellen,ablehnen,interpretieren,interpretieren,auslegen,legte aus,trải ra; giải thích,Tấm thảm đã được trải khắp căn phòng.,,
615,Đồng nghĩa,,"Der Arzt hat mir ein Medikament ""verschrieben"". — Từ nào đồng nghĩa với từ trong ngoặc kép?",weglassen,vorlesen,verordnen,amüsieren,verordnen,verschreiben,verschrieb,kê đơn (thuốc),Bác sĩ đã kê đơn thuốc cho tôi.,,
616,Đồng nghĩa,,"Der Unterricht ist heute wegen Krankheit ""ausgefallen"". — Từ nào đồng nghĩa với từ trong ngoặc kép?",anziehen (mũ),zusperren,durchführen,entfallen,entfallen,ausfallen,fiel aus,bị hủy; rụng,Hôm nay buổi học đã bị hủy vì lý do ốm đau.,,
617,Đồng nghĩa,,"Er hat sie zu einer schlechten Entscheidung ""verführt"". — Từ nào đồng nghĩa với từ trong ngoặc kép?",nachfragen,überprüfen,starten,verlocken,verlocken,verführen,verführte,"quyến rũ, lôi kéo",Anh ấy đã dụ dỗ cô ấy đưa ra một quyết định sai lầm.,,
618,Đồng nghĩa,,"Wir haben die Idee erfolgreich ""umgesetzt"". — Từ nào đồng nghĩa với từ trong ngoặc kép?",weggehen von,investieren,studieren,realisieren,realisieren,umsetzen,setzte um,thực hiện; chuyển đổi,Chúng tôi đã thực hiện ý tưởng đó thành công.,,
619,Đồng nghĩa,,"Der Zug ist pünktlich in den Bahnhof ""eingefahren"". — Từ nào đồng nghĩa với từ trong ngoặc kép?",hineinfahren,losfahren,(eine Prüfung) schaffen,starten,hineinfahren,einfahren,fuhr ein,tiến vào (ga),Tàu đã vào ga đúng giờ.,,
620,Đồng nghĩa,,"Er hat das Fenster ""aufgemacht"". — Từ nào đồng nghĩa với từ trong ngoặc kép?",sich verirren,öffnen,hinstellen,darlegen,öffnen,aufmachen,machte auf,mở ra,Anh ấy đã mở cửa sổ.,,
621,Đồng nghĩa,,"Der Hund wurde vor dem Laden ""angebunden"". — Từ nào đồng nghĩa với từ trong ngoặc kép?",ausschalten,festbinden,zusammenstoßen,imitieren,festbinden,anbinden,band an,buộc vào,Con chó đã được buộc trước cửa hàng.,,
622,Đồng nghĩa,,"Er ist bei einer großen Firma ""angestellt"". — Từ nào đồng nghĩa với từ trong ngoặc kép?",einrücken,einstellen,"akzeptieren, vermuten",absichern,einstellen,anstellen,stellte an,thuê nhân viên; bật máy,Anh ấy được tuyển dụng ở một công ty lớn.,,
623,Đồng nghĩa,,"Ich habe dich gestern Abend ""angerufen"". — Từ nào đồng nghĩa với từ trong ngoặc kép?",erwähnen,austeilen,darstellen,telefonieren,telefonieren,anrufen,rief an,gọi điện,Tối qua tôi đã gọi điện cho bạn.,,
624,Đồng nghĩa,,"Er hat bei der Anmeldung falsche Daten ""angegeben"". — Từ nào đồng nghĩa với từ trong ngoặc kép?",erwähnen,beginnen,senden,mitkommen,erwähnen,angeben,gab an,khai báo; khoe khoang,Anh ấy đã khai sai thông tin khi đăng ký.,,
625,Đồng nghĩa,,"Die Kinder haben dem Spiel begeistert ""zugeschaut"". — Từ nào đồng nghĩa với từ trong ngoặc kép?",weggehen von,bedrängen,fortsetzen,beobachten,beobachten,zuschauen,schaute zu,"xem, quan sát",Bọn trẻ đã hào hứng theo dõi trận đấu.,,
626,Đồng nghĩa,,"Der Fotograf hat den Moment ""festgehalten"". — Từ nào đồng nghĩa với từ trong ngoặc kép?",ausschalten,studieren,greifen,aufsuchen,greifen,festhalten,hielt fest,giữ chặt; ghi lại,Nhiếp ảnh gia đã ghi lại khoảnh khắc đó.,,
627,Đồng nghĩa,,"Wir haben das Treffen um eine Woche ""zurückgestellt"". — Từ nào đồng nghĩa với từ trong ngoặc kép?",entkommen,verschieben,ignorieren,lösen,verschieben,zurückstellen,stellte zurück,hoãn lại; đặt lại chỗ cũ,Chúng tôi đã hoãn buổi gặp mặt lại một tuần.,,
628,Đồng nghĩa,,"Mein Reisepass ist leider schon ""abgelaufen"". — Từ nào đồng nghĩa với từ trong ngoặc kép?",mitmachen,verfallen,schrumpfen,einstellen,verfallen,ablaufen,lief ab,hết hạn; diễn ra,Tiếc là hộ chiếu của tôi đã hết hạn.,,
629,Đồng nghĩa,,"Er hat seine Meinung am Ende ""durchgesetzt"". — Từ nào đồng nghĩa với từ trong ngoặc kép?",stoppen,erzwingen,begleiten,fliehen,erzwingen,durchsetzen,setzte durch,thực thi; đạt được,Cuối cùng anh ấy đã bảo vệ được quan điểm của mình.,,
630,Đồng nghĩa,,"Mein neuer Pullover ist beim Waschen ""eingelaufen"". — Từ nào đồng nghĩa với từ trong ngoặc kép?",schrumpfen,entfallen,sich verirren,heimsuchen,schrumpfen,einlaufen,lief ein,co lại (vải); vào bến,Chiếc áo len mới của tôi đã bị co lại khi giặt.,,
631,Đồng nghĩa,,"Der Lehrer hat den Fehler leider ""übersehen"". — Từ nào đồng nghĩa với từ trong ngoặc kép?",Schlange stehen,sich benehmen,entfallen,nicht bemerken,nicht bemerken,übersehen,übersah,bỏ sót,Tiếc là thầy giáo đã bỏ sót lỗi đó.,,
632,Đồng nghĩa,,"Die Klasse wurde in vier Gruppen ""eingeteilt"". — Từ nào đồng nghĩa với từ trong ngoặc kép?",begleiten,zusammenstoßen,kaputtgehen,gliedern,gliedern,einteilen,teilte ein,chia thành phần; sắp xếp,Lớp học đã được chia thành bốn nhóm.,,
633,Đồng nghĩa,,"Der Hund wurde endlich ""losgelassen"". — Từ nào đồng nghĩa với từ trong ngoặc kép?",freilassen,verknüpfen,festbinden,entscheiden,freilassen,loslassen,ließ los,buông ra,Cuối cùng con chó đã được thả ra.,,
634,Đồng nghĩa,,"Der Diebstahl wurde der Polizei ""angezeigt"". — Từ nào đồng nghĩa với từ trong ngoặc kép?",großziehen,behandeln,melden,verwirklichen,melden,anzeigen,zeigte an,báo cáo (công an); hiển thị,Vụ trộm cắp đã được báo cho cảnh sát.,,
635,Đồng nghĩa,,"Im Zoo ist ein Löwe ""ausgebrochen"". — Từ nào đồng nghĩa với từ trong ngoặc kép?",warten auf,entkommen,losfahren,ausführen,entkommen,ausbrechen,brach aus,bùng nổ; thoát khỏi,Một con sư tử đã sổng chuồng ở sở thú.,,
636,Đồng nghĩa,,"Er hat bei der Party ziemlich ""aufgeschnitten"". — Từ nào đồng nghĩa với từ trong ngoặc kép?",begleiten,verzichten,studieren,öffnen,öffnen,aufschneiden,schnitt auf,cắt mở; (khẩu ngữ) nói khoác,Anh ấy đã khá khoác lác tại bữa tiệc.,,
637,Đồng nghĩa,,"Ich habe den Vertrag genau ""durchgelesen"". — Từ nào đồng nghĩa với từ trong ngoặc kép?",studieren,belasten,ablaufen,betrachten,studieren,durchlesen,las durch,"đọc kỹ, đọc hết",Tôi đã đọc kỹ toàn bộ hợp đồng.,,
638,Đồng nghĩa,,"Das Zimmer ist mit allem Nötigen ""versehen"". — Từ nào đồng nghĩa với từ trong ngoặc kép?",verzichten,aufgeben,eintragen,ausstatten,ausstatten,versehen,versah,trang bị; đảm nhận,Căn phòng được trang bị đầy đủ những thứ cần thiết.,,
639,Đồng nghĩa,,"Er hat sich seinen größten Traum ""erfüllt"". — Từ nào đồng nghĩa với từ trong ngoặc kép?",beobachten,betreffen,präsentieren,verwirklichen,verwirklichen,erfüllen,erfüllte,"hoàn thành, đáp ứng",Anh ấy đã thực hiện được giấc mơ lớn nhất của mình.,,
640,Đồng nghĩa,,"Meine Eltern sind über Ostern ""verreist"". — Từ nào đồng nghĩa với từ trong ngoặc kép?",einbeulen,verknüpfen,wegfahren,äußern,wegfahren,verreisen,verreiste,đi du lịch xa,Bố mẹ tôi đã đi du lịch xa vào dịp lễ Phục sinh.,,
641,Đồng nghĩa,,"Der Teller ist beim Spülen ""zerschlagen"". — Từ nào đồng nghĩa với từ trong ngoặc kép?",hineingießen,zertrümmern,aufgeben,umwandeln,zertrümmern,zerschlagen,zerschlug,đập tan,Chiếc đĩa đã vỡ tan khi rửa.,,
642,Đồng nghĩa,,"Sie hat ihren Plan schließlich ""aufgegeben"". — Từ nào đồng nghĩa với từ trong ngoặc kép?",verzichten,betreten,enthalten,ablehnen,verzichten,aufgeben,gab auf,từ bỏ; gửi thư,Cuối cùng cô ấy đã từ bỏ kế hoạch của mình.,,
643,Đồng nghĩa,,"Er ist sehr freundlich mit den Kunden ""umgegangen"". — Từ nào đồng nghĩa với từ trong ngoặc kép?",behandeln,ausführen,überprüfen,entwickeln,behandeln,umgehen,ging um,đối xử (với ai đó),Anh ấy đã đối xử rất thân thiện với khách hàng.,,
644,Đồng nghĩa,,"Wir haben bei dem Spiel alle ""mitgemacht"". — Từ nào đồng nghĩa với từ trong ngoặc kép?",kaputtgehen,teilnehmen,mitwirken,"verhören, hören",teilnehmen,mitmachen,machte mit,tham gia,Tất cả chúng tôi đều đã tham gia trò chơi đó.,,
645,Đồng nghĩa,,"Wir sind gestern Abend ""ausgegangen"", um zu feiern. — Từ nào đồng nghĩa với từ trong ngoặc kép?",hineingießen,sich erkundigen,nicht bemerken,enden,enden,ausgehen,ging aus,đi chơi; kết thúc ra sao,Tối qua chúng tôi đã đi chơi để ăn mừng.,,
646,Đồng nghĩa,,"Das alte Haus wurde völlig ""umgebaut"". — Từ nào đồng nghĩa với từ trong ngoặc kép?",renovieren,öffnen,überprüfen,wirken,renovieren,umbauen,baute um,cải tạo,Ngôi nhà cũ đã được cải tạo hoàn toàn.,,
647,Đồng nghĩa,,"Meine Schwester ist zum Konzert ""mitgekommen"". — Từ nào đồng nghĩa với từ trong ngoặc kép?",verzerren,demontieren,hindern,begleiten,begleiten,mitkommen,kam mit,đi cùng,Em gái tôi đã đi cùng đến buổi hòa nhạc.,,
648,Đồng nghĩa,,"Er hat dem Chef den Bericht ""vorgelegt"". — Từ nào đồng nghĩa với từ trong ngoặc kép?",warten auf,präsentieren,öffnen,erwachen,präsentieren,vorlegen,legte vor,trình bày; đưa ra,Anh ấy đã trình báo cáo cho sếp.,,
649,Đồng nghĩa,,"Ich habe ein neues Restaurant ""vorgeschlagen"". — Từ nào đồng nghĩa với từ trong ngoặc kép?",enthalten,verzerren,empfehlen,kaputtgehen,empfehlen,vorschlagen,schlug vor,đề xuất,Tôi đã đề xuất một nhà hàng mới.,,
650,Đồng nghĩa,,"Er hat den Vorsprung wieder ""eingeholt"". — Từ nào đồng nghĩa với từ trong ngoặc kép?",einsetzen,telefonieren,leiten,nachholen,nachholen,einholen,holte ein,bắt kịp; xin (phép),Anh ấy đã bắt kịp lại khoảng cách dẫn trước.,,
651,Đồng nghĩa,,"Die Mutter hat das Kind im Bett ""zugedeckt"". — Từ nào đồng nghĩa với từ trong ngoặc kép?",exhalieren,verwirklichen,verhüllen,fallen lassen,verhüllen,zudecken,deckte zu,đắp (chăn),Người mẹ đã đắp chăn cho đứa trẻ trên giường.,,
652,Đồng nghĩa,,"Sie hat sofort ""aufgelegt"", als das Gespräch unangenehm wurde. — Từ nào đồng nghĩa với từ trong ngoặc kép?",mitkommen,(Telefonat) beenden,einlenken,äußern,(Telefonat) beenden,auflegen,legte auf,đặt lên; gác máy,Cô ấy đã gác máy ngay khi cuộc trò chuyện trở nên khó chịu.,,
653,Đồng nghĩa,,"Der Autor hat die Landschaft sehr genau ""beschrieben"". — Từ nào đồng nghĩa với từ trong ngoặc kép?",einlenken,darstellen,sich bilden,hinaufklettern,darstellen,beschreiben,beschrieb,miêu tả,Tác giả đã miêu tả phong cảnh rất chi tiết.,,
654,Đồng nghĩa,,"Sie hat ihre Gefühle klar ""ausgedrückt"". — Từ nào đồng nghĩa với từ trong ngoặc kép?",äußern,zusperren,hinaufklettern,teilnehmen,äußern,ausdrücken,drückte aus,"diễn đạt, bày tỏ",Cô ấy đã bày tỏ cảm xúc của mình một cách rõ ràng.,,
655,Đồng nghĩa,,"Alle Mitarbeiter haben sich im Konferenzraum ""versammelt"". — Từ nào đồng nghĩa với từ trong ngoặc kép?",verzerren,zusammenkommen,lauschen,darlegen,zusammenkommen,versammeln,versammelte,tập hợp lại,Tất cả nhân viên đã tập trung tại phòng họp.,,
656,Đồng nghĩa,,"Wir haben ihn schon lange ""erwartet"". — Từ nào đồng nghĩa với từ trong ngoặc kép?",hoffen auf,retournieren,entsorgen,neu formulieren,hoffen auf,erwarten,erwartete,mong đợi,Chúng tôi đã mong đợi anh ấy từ lâu.,,
657,Đồng nghĩa,,"Wir haben den Vertrag gestern ""unterschrieben"". — Từ nào đồng nghĩa với từ trong ngoặc kép?",empfehlen,entkleiden,signieren,anstellen,signieren,unterschreiben,unterschrieb,ký tên,Hôm qua chúng tôi đã ký hợp đồng.,,
658,Đồng nghĩa,,"Er hat das Licht im Flur ""angemacht"". — Từ nào đồng nghĩa với từ trong ngoặc kép?",aufbewahren,einschalten,behandeln,kontrollieren,einschalten,anmachen,machte an,bật (đèn); (khẩu ngữ) tán tỉnh,Anh ấy đã bật đèn ở hành lang.,,
659,Đồng nghĩa,,"Der Agent hat das Telefonat heimlich ""abgehört"". — Từ nào đồng nghĩa với từ trong ngoặc kép?",zertrümmern,übersiedeln,riskieren,belauschen,belauschen,abhören,hörte ab,nghe lén; kiểm tra bài,Điệp viên đã bí mật nghe lén cuộc gọi điện thoại.,,
660,Đồng nghĩa,,"Das Finale wurde im großen Stadion ""ausgetragen"". — Từ nào đồng nghĩa với từ trong ngoặc kép?",neu formulieren,austeilen,verteilen,öffnen,verteilen,austragen,trug aus,"giao (báo, hàng); tổ chức (giải đấu)",Trận chung kết đã được tổ chức tại sân vận động lớn.,,
661,Đồng nghĩa,,"Er hat sich in der Stadt sehr gut ""ausgekannt"". — Từ nào đồng nghĩa với từ trong ngoặc kép?",Bescheid wissen,entfallen,wenden,nicht bemerken,Bescheid wissen,auskennen,kannte aus,"rành, thông thạo về",Anh ấy rất rành thành phố này.,,
662,Đồng nghĩa,,"Der Kollege hat mich während des Urlaubs ""vertreten"". — Từ nào đồng nghĩa với từ trong ngoặc kép?",anreden,repräsentieren,integrieren,versäumen,repräsentieren,vertreten,vertrat,đại diện cho; thay thế,Đồng nghiệp đã thay thế tôi trong thời gian nghỉ phép.,,
663,Đồng nghĩa,,"Er hat seine Schuhe vor der Tür ""ausgezogen"". — Từ nào đồng nghĩa với từ trong ngoặc kép?",klingen,entkleiden,erlauben,verhindern,entkleiden,ausziehen,zog aus,cởi đồ; chuyển ra khỏi nhà,Anh ấy đã cởi giày trước cửa.,,
664,Đồng nghĩa,,"Er hat tief die frische Luft ""eingeatmet"". — Từ nào đồng nghĩa với từ trong ngoặc kép?",inhalieren,aufsuchen,bedrängen,erscheinen,inhalieren,einatmen,atmete ein,hít vào,Anh ấy đã hít thở sâu bầu không khí trong lành.,,
665,Đồng nghĩa,,"Ein Fehler kann nie ganz ""ausgeschlossen"" werden. — Từ nào đồng nghĩa với từ trong ngoặc kép?",eliminieren,errichten,einsetzen,wechseln,eliminieren,ausschließen,schloss aus,loại trừ,Sai sót không bao giờ có thể bị loại trừ hoàn toàn.,,
666,Đồng nghĩa,,"Der Experte hat die Risiken deutlich ""aufgezeigt"". — Từ nào đồng nghĩa với từ trong ngoặc kép?",entwickeln,aufbewahren,notieren,darlegen,darlegen,aufzeigen,zeigte auf,"chỉ ra, nêu rõ",Chuyên gia đã chỉ rõ những rủi ro.,,
667,Đồng nghĩa,,"Das Pferd hat plötzlich ""ausgeschlagen"". — Từ nào đồng nghĩa với từ trong ngoặc kép?",schrumpfen,aufdrehen,aufwachen,ablehnen,ablehnen,ausschlagen,schlug aus,từ chối; đá (ngựa),Con ngựa bỗng nhiên đá hậu.,,
668,Đồng nghĩa,,"Der Zeuge ist von der Polizei ""vernommen"" worden. — Từ nào đồng nghĩa với từ trong ngoặc kép?",eintragen,bezahlen,"verhören, hören",Bescheid wissen,"verhören, hören",vernehmen,vernahm,thẩm vấn; nghe thấy,Nhân chứng đã bị cảnh sát thẩm vấn.,,
669,Đồng nghĩa,,"Die Vase ist beim Umzug ""zerbrochen"". — Từ nào đồng nghĩa với từ trong ngoặc kép?",kaputtgehen,fallen lassen,gliedern,hineingehen,kaputtgehen,zerbrechen,zerbrach,vỡ tan,Chiếc bình đã bị vỡ khi chuyển nhà.,,
670,Đồng nghĩa,,"Die Katze ist vor Angst ""weggelaufen"". — Từ nào đồng nghĩa với từ trong ngoặc kép?",fliehen,großziehen,beschützen,abreisen,fliehen,weglaufen,lief weg,chạy trốn,Con mèo đã chạy trốn vì sợ hãi.,,
671,Đồng nghĩa,,"Alle Mitarbeiter wurden in das Projekt ""eingebunden"". — Từ nào đồng nghĩa với từ trong ngoặc kép?",gestehen,einstecken,überlegen,integrieren,integrieren,einbinden,band ein,tích hợp vào,Tất cả nhân viên đã được đưa vào dự án.,,
672,Đồng nghĩa,,"Die neue Methode wurde erfolgreich ""angewendet"". — Từ nào đồng nghĩa với từ trong ngoặc kép?",interpretieren,diskutieren,eliminieren,einsetzen,einsetzen,anwenden,wendete an,áp dụng,Phương pháp mới đã được áp dụng thành công.,,
673,Đồng nghĩa,,"Der Sieger wurde offiziell ""ausgerufen"". — Từ nào đồng nghĩa với từ trong ngoặc kép?",verkünden,kündigen,schlucken,ausschalten,verkünden,ausrufen,rief aus,"hô to, tuyên bố",Người chiến thắng đã được công bố chính thức.,,
674,Đồng nghĩa,,"Ich habe das Buch endlich ""ausgelesen"". — Từ nào đồng nghĩa với từ trong ngoặc kép?",verändern,fertiglesen,veräußern,(Telefonat) beenden,fertiglesen,auslesen,las aus,đọc xong; chọn lọc,Cuối cùng tôi đã đọc xong quyển sách.,,
675,Đồng nghĩa,,"Er hat das Problem mutig ""angepackt"". — Từ nào đồng nghĩa với từ trong ngoặc kép?",betreten,eindringen,angehen,sich aufhalten,angehen,anpacken,packte an,bắt tay vào việc; nắm lấy,Anh ấy đã can đảm bắt tay giải quyết vấn đề.,,
676,Đồng nghĩa,,"Er hat leider seinen Zug ""verpasst"". — Từ nào đồng nghĩa với từ trong ngoặc kép?","akzeptieren, vermuten",versäumen,zurücknehmen,wirken,versäumen,verpassen,verpasste,bỏ lỡ,Tiếc là anh ấy đã lỡ chuyến tàu.,,
677,Đồng nghĩa,,"Der Plan wurde am Ende komplett ""verworfen"". — Từ nào đồng nghĩa với từ trong ngoặc kép?",eintreffen,entscheiden,ablehnen,erneut überlegen,ablehnen,verwerfen,verwarf,bác bỏ,Kế hoạch cuối cùng đã bị bác bỏ hoàn toàn.,,
678,Đồng nghĩa,,"Das Kind hat die Stimme des Lehrers ""nachgemacht"". — Từ nào đồng nghĩa với từ trong ngoặc kép?",erzählen,demontieren,imitieren,vereinbaren,imitieren,nachmachen,machte nach,bắt chước,Đứa trẻ đã bắt chước giọng của thầy giáo.,,
679,Đồng nghĩa,,"Der Patient hat die Tabletten pünktlich ""eingenommen"". — Từ nào đồng nghĩa với từ trong ngoặc kép?",darlegen,beginnen,ablehnen,schlucken,schlucken,einnehmen,nahm ein,uống thuốc; chiếm,Bệnh nhân đã uống thuốc đúng giờ.,,
680,Đồng nghĩa,,"Ich habe das Passwort falsch ""eingegeben"". — Từ nào đồng nghĩa với từ trong ngoặc kép?",bemerkbar sein,austeilen,eintippen,präsentieren,eintippen,eingeben,gab ein,nhập dữ liệu,Tôi đã nhập sai mật khẩu.,,
681,Đồng nghĩa,,"Ich habe seinen Vorschlag gern ""angenommen"". — Từ nào đồng nghĩa với từ trong ngoặc kép?",entwickeln,"akzeptieren, vermuten",heimsuchen,präsentieren,"akzeptieren, vermuten",annehmen,nahm an,chấp nhận; cho rằng,Tôi đã vui vẻ chấp nhận đề nghị của anh ấy.,,
682,Đồng nghĩa,,"Sie hat ihre Teilnahme schon ""zugesagt"". — Từ nào đồng nghĩa với từ trong ngoặc kép?",umwandeln,verlassen,zustimmen,übersiedeln,zustimmen,zusagen,sagte zu,"đồng ý, nhận lời",Cô ấy đã đồng ý tham gia rồi.,,
683,Đồng nghĩa,,"Man hat ihm Unehrlichkeit ""vorgeworfen"". — Từ nào đồng nghĩa với từ trong ngoặc kép?",darstellen,sich ausruhen,beschuldigen,realisieren,beschuldigen,vorwerfen,warf vor,buộc tội; trách móc,Người ta đã buộc tội anh ấy không trung thực.,,
684,Đồng nghĩa,,"Der Forscher hat ein neues Medikament ""entdeckt"". — Từ nào đồng nghĩa với từ trong ngoặc kép?",signieren,anstellen,herausfinden,wiedergeben,herausfinden,entdecken,entdeckte,"khám phá, phát hiện",Nhà nghiên cứu đã phát hiện ra một loại thuốc mới.,,
685,Đồng nghĩa,,"Der Drucker wurde an den Computer ""angeschlossen"". — Từ nào đồng nghĩa với từ trong ngoặc kép?",verbinden,schrumpfen,durchführen,begleiten,verbinden,anschließen,schloss an,kết nối,Máy in đã được kết nối với máy tính.,,
686,Đồng nghĩa,,"Sie hat Wasser in die Flasche ""eingefüllt"". — Từ nào đồng nghĩa với từ trong ngoặc kép?",hineingießen,präsentieren,ausstatten,ablehnen,hineingießen,einfüllen,füllte ein,"đổ vào, rót vào",Cô ấy đã rót nước vào chai.,,
687,Đồng nghĩa,,"Der Vertrag wurde nur leicht ""abgeändert"". — Từ nào đồng nghĩa với từ trong ngoặc kép?",modifizieren,erkennen,auswählen,erscheinen,modifizieren,abändern,änderte ab,"sửa đổi (nhỏ, chi tiết)",Hợp đồng chỉ được sửa đổi một chút.,,
688,Đồng nghĩa,,"Diese Regel ist inzwischen ""weggefallen"". — Từ nào đồng nghĩa với từ trong ngoặc kép?",entfallen,öffnen,zerschneiden,kündigen,entfallen,wegfallen,fiel weg,bị bỏ đi; mất đi,Quy định này giờ đã không còn áp dụng nữa.,,
689,Đồng nghĩa,,"Trotz der Probleme haben wir ""weitergemacht"". — Từ nào đồng nghĩa với từ trong ngoặc kép?",enthalten,fortsetzen,exhalieren,interviewen,fortsetzen,weitermachen,machte weiter,tiếp tục làm,"Bất chấp khó khăn, chúng tôi vẫn tiếp tục.",,
690,Đồng nghĩa,,"Wir haben alle am Wettbewerb ""teilgenommen"". — Từ nào đồng nghĩa với từ trong ngoặc kép?",losfahren,begleiten,mitmachen,verschieben,mitmachen,teilnehmen,nahm teil,tham gia,Tất cả chúng tôi đã tham gia cuộc thi.,,
691,Đồng nghĩa,,"Die Mutter hat schließlich ""nachgegeben"" und ihm erlaubt, auszugehen. — Từ nào đồng nghĩa với từ trong ngoặc kép?",einlenken,sich vorstellen lassen,retournieren,sich benehmen,einlenken,nachgeben,gab nach,nhượng bộ,Cuối cùng người mẹ đã nhượng bộ và cho phép cậu bé ra ngoài.,,
692,Đồng nghĩa,,"Wir haben den Termin schon vorher ""abgesprochen"". — Từ nào đồng nghĩa với từ trong ngoặc kép?",vereinbaren,eintippen,enthalten,einschalten,vereinbaren,absprechen,sprach ab,thỏa thuận trước,Chúng tôi đã thỏa thuận lịch hẹn từ trước.,,
693,Đồng nghĩa,,"Der Termin wurde für Montag ""festgelegt"". — Từ nào đồng nghĩa với từ trong ngoặc kép?",enthalten,bestimmen,einlenken,hochsteigen,bestimmen,festlegen,legte fest,quy định; ấn định,Lịch hẹn đã được ấn định vào thứ Hai.,,
694,Đồng nghĩa,,"Die Band hat ein neues Lied ""abgespielt"". — Từ nào đồng nghĩa với từ trong ngoặc kép?",entkommen,kopieren,wiedergeben,beginnen,wiedergeben,abspielen,spielte ab,"phát (nhạc, video)",Ban nhạc đã phát một bài hát mới.,,
695,Đồng nghĩa,,"Das Dachgeschoss wurde zu einer Wohnung ""ausgebaut"". — Từ nào đồng nghĩa với từ trong ngoặc kép?",erweitern,entkommen,entfernen,erwähnen,erweitern,ausbauen,baute aus,mở rộng; tháo ra,Tầng áp mái đã được cải tạo thành căn hộ.,,
696,Đồng nghĩa,,"Sie hat ihre Brille ""aufgesetzt"" und angefangen zu lesen. — Từ nào đồng nghĩa với từ trong ngoặc kép?",enthalten,anziehen (mũ),sich widmen,zurückkehren,anziehen (mũ),aufsetzen,setzte auf,đội (mũ); soạn văn bản,Cô ấy đã đeo kính lên và bắt đầu đọc.,,
697,Đồng nghĩa,,"Wir haben uns letztes Jahr ""kennengelernt"". — Từ nào đồng nghĩa với từ trong ngoặc kép?",zusagen,sich vorstellen lassen,erscheinen,erklären,sich vorstellen lassen,kennenlernen,lernte kennen,làm quen,Chúng tôi đã làm quen với nhau vào năm ngoái.,,
698,Đồng nghĩa,,"Die Mutter hat das Baby warm ""angekleidet"". — Từ nào đồng nghĩa với từ trong ngoặc kép?",zusperren,betreffen,warten auf,sich anziehen,sich anziehen,ankleiden,kleidete an,mặc quần áo (trang trọng),Người mẹ đã mặc ấm cho em bé.,,
699,Đồng nghĩa,,"Der Journalist hat über den Unfall ""berichtet"". — Từ nào đồng nghĩa với từ trong ngoặc kép?",leiten,erzählen,mitkommen,auffordern,erzählen,berichten,berichtete,"báo cáo, tường thuật",Nhà báo đã tường thuật về vụ tai nạn.,,
700,Đồng nghĩa,,"Alle Kosten sind von der Versicherung ""abgedeckt"". — Từ nào đồng nghĩa với từ trong ngoặc kép?",äußern,entsorgen,erzählen,absichern,absichern,abdecken,deckte ab,che phủ; bao gồm,Mọi chi phí đều được bảo hiểm chi trả.,,
701,Đồng nghĩa,,"Zum Zeitpunkt des Unfalls hat er sich im Ausland ""befunden"". — Từ nào đồng nghĩa với từ trong ngoặc kép?",sich erkundigen,sich aufhalten,kopieren,neu formulieren,sich aufhalten,befinden,befand,"ở, nằm tại (vị trí)","Vào thời điểm xảy ra tai nạn, anh ấy đang ở nước ngoài.",,
702,Đồng nghĩa,,"Das Telefon wurde vor über hundert Jahren ""erfunden"". — Từ nào đồng nghĩa với từ trong ngoặc kép?",ausstatten,neu formulieren,auffordern,entwickeln,entwickeln,erfinden,erfand,"phát minh, bịa ra",Điện thoại đã được phát minh cách đây hơn một trăm năm.,,
703,Đồng nghĩa,,"Das Fleisch wurde in kleine Stücke ""zerteilt"". — Từ nào đồng nghĩa với từ trong ngoặc kép?",investieren,zerschneiden,übermitteln,verbinden,zerschneiden,zerteilen,zerteilte,"chia nhỏ, cắt vụn",Thịt đã được cắt thành từng miếng nhỏ.,,
704,Đồng nghĩa,,"Die Firma hat drei neue Mitarbeiter ""eingestellt"". — Từ nào đồng nghĩa với từ trong ngoặc kép?",anstellen,wenden,austeilen,einziehen,anstellen,einstellen,stellte ein,tuyển dụng; cài đặt,Công ty đã tuyển ba nhân viên mới.,,
705,Đồng nghĩa,,"Der Verdächtige hat sich schließlich ""bekannt"". — Từ nào đồng nghĩa với từ trong ngoặc kép?",gestehen,nachweisen,sich verhalten,zusammenstoßen,gestehen,bekennen,bekannte,thú nhận,Cuối cùng nghi phạm đã thú nhận.,,
706,Đồng nghĩa,,"Die Kinder haben ein Zelt im Garten ""aufgestellt"". — Từ nào đồng nghĩa với từ trong ngoặc kép?",bezahlen,zeigen,weggehen von,errichten,errichten,aufstellen,stellte auf,dựng lên; lập kế hoạch,Bọn trẻ đã dựng một cái lều trong vườn.,,
707,Đồng nghĩa,,"Jeder Mitarbeiter hat zum Erfolg des Projekts ""beigetragen"". — Từ nào đồng nghĩa với từ trong ngoặc kép?",mitwirken,präsentieren,öffnen,schlucken,mitwirken,beitragen,trug bei,đóng góp,Mỗi nhân viên đều đã đóng góp vào thành công của dự án.,,
708,Đồng nghĩa,,"Ich habe diese Frage in der Prüfung ""ausgelassen"". — Từ nào đồng nghĩa với từ trong ngoặc kép?",abrücken,greifen,demontieren,weglassen,weglassen,auslassen,ließ aus,bỏ qua,Tôi đã bỏ qua câu hỏi đó trong bài thi.,,
709,Đồng nghĩa,,"Ich habe noch einmal im Wörterbuch ""nachgesehen"". — Từ nào đồng nghĩa với từ trong ngoặc kép?",schließen,überprüfen,öffnen,wenden,überprüfen,nachsehen,sah nach,kiểm tra lại,Tôi đã tra lại một lần nữa trong từ điển.,,
710,Đồng nghĩa,,"Sie hat sich ihrem Freund voller Sorge ""zugewendet"". — Từ nào đồng nghĩa với từ trong ngoặc kép?",einstellen,bedrängen,sich widmen,empfehlen,sich widmen,sich zuwenden,wendete zu,"hướng về, quan tâm đến",Cô ấy đã hướng về bạn trai mình với đầy lo lắng.,,
711,Đồng nghĩa,,"Der Zug ist pünktlich ""angekommen"". — Từ nào đồng nghĩa với từ trong ngoặc kép?",signieren,erwähnen,eintreffen,haben,eintreffen,ankommen,kam an,đến nơi,Tàu đã đến đúng giờ.,,
712,Đồng nghĩa,,"Wir haben uns die Bilder gemeinsam ""angeschaut"". — Từ nào đồng nghĩa với từ trong ngoặc kép?",entkommen,hinuntersteigen,betrachten,beobachten,betrachten,anschauen,schaute an,nhìn ngắm,Chúng tôi đã cùng nhau xem những bức ảnh.,,
713,Đồng nghĩa,,"Ich habe mir seine Geschichte geduldig ""angehört"". — Từ nào đồng nghĩa với từ trong ngoặc kép?",klingen,starten,fliehen,haben,klingen,anhören,hörte an,nghe qua; nghe có vẻ,Tôi đã kiên nhẫn nghe câu chuyện của anh ấy.,,
714,Đồng nghĩa,,"Ich habe die Tür fest ""zugemacht"". — Từ nào đồng nghĩa với từ trong ngoặc kép?",aufstellen,schließen,reduzieren,(eine Prüfung) schaffen,schließen,zumachen,machte zu,đóng lại,Tôi đã đóng chặt cửa lại.,,
715,Đồng nghĩa,,"Die Bergsteiger haben den Gipfel ""bestiegen"". — Từ nào đồng nghĩa với từ trong ngoặc kép?",hinaufklettern,beginnen,signieren,präsentieren,hinaufklettern,besteigen,bestieg,"leo lên (núi, xe)",Những người leo núi đã chinh phục đỉnh núi.,,
716,Đồng nghĩa,,"Er hat den Wasserhahn am Ende wieder ""abgedreht"". — Từ nào đồng nghĩa với từ trong ngoặc kép?",ausschalten,retournieren,öffnen,sich erkundigen,ausschalten,abdrehen,drehte ab,vặn tắt; đổi hướng,Cuối cùng anh ấy đã vặn tắt vòi nước lại.,,
717,Đồng nghĩa,,"Wir haben dem Spiel gespannt ""zugesehen"". — Từ nào đồng nghĩa với từ trong ngoặc kép?",betreten,beobachten,sich vorstellen lassen,abstellen,beobachten,zusehen,sah zu,"xem, chứng kiến",Chúng tôi đã hồi hộp theo dõi trận đấu.,,
718,Đồng nghĩa,,"Der Dieb hat ihr die Tasche ""weggenommen"". — Từ nào đồng nghĩa với từ trong ngoặc kép?",vorlesen,entfernen,schrumpfen,verhüllen,entfernen,wegnehmen,nahm weg,lấy đi,Tên trộm đã giật lấy túi xách của cô ấy.,,
719,Đồng nghĩa,,"Ich habe gestern ein Paket ""bekommen"". — Từ nào đồng nghĩa với từ trong ngoặc kép?",realisieren,betrachten,"erhalten, kriegen",verhüllen,"erhalten, kriegen",bekommen,bekam,nhận được,Hôm qua tôi đã nhận được một gói hàng.,,
720,Đồng nghĩa,,"Ich habe im Winter leider etwas ""zugenommen"". — Từ nào đồng nghĩa với từ trong ngoặc kép?",steigen,"erhalten, kriegen","akzeptieren, vermuten",neu formulieren,steigen,zunehmen,nahm zu,tăng cân/tăng lên,Tiếc là tôi đã tăng cân một chút vào mùa đông.,,
721,Đồng nghĩa,,"Er hat die Gruppe bis zum Ziel ""angeführt"". — Từ nào đồng nghĩa với từ trong ngoặc kép?","canceln, stornieren",leiten,auswählen,errichten,leiten,anführen,führte an,dẫn đầu; trích dẫn,Anh ấy đã dẫn dắt nhóm đến đích.,,
722,Đồng nghĩa,,"Sie hat ihre neue Stelle letzten Monat ""angetreten"". — Từ nào đồng nghĩa với từ trong ngoặc kép?",beginnen,verteilen,lauschen,studieren,beginnen,antreten,trat an,bắt đầu công việc; xếp hàng,Tháng trước cô ấy đã bắt đầu công việc mới.,,
723,Đồng nghĩa,,"Er hat das Licht vor dem Schlafen ""ausgeschaltet"". — Từ nào đồng nghĩa với từ trong ngoặc kép?",versäumen,nachfragen,abstellen,erklären,abstellen,ausschalten,schaltete aus,tắt (thiết bị),Anh ấy đã tắt đèn trước khi ngủ.,,
724,Đồng nghĩa,,"Er hat den Motor im Winter sofort ""angelassen"". — Từ nào đồng nghĩa với từ trong ngoặc kép?",starten,überlegen,wechseln,bestimmen,starten,anlassen,ließ an,để máy chạy; khởi động,Vào mùa đông anh ấy đã khởi động động cơ ngay lập tức.,,
725,Đồng nghĩa,,"Jemand hat den Stuhl ""verstellt"". — Từ nào đồng nghĩa với từ trong ngoặc kép?",betrachten,planen,verändern,präsentieren,verändern,verstellen,verstellte,điều chỉnh; giả vờ,Ai đó đã chỉnh lại vị trí chiếc ghế.,,
726,Đồng nghĩa,,"Sie sind früh am Morgen ""weggefahren"". — Từ nào đồng nghĩa với từ trong ngoặc kép?",abreisen,hochsteigen,bezahlen,aufbrechen,abreisen,wegfahren,fuhr weg,lái xe đi,Họ đã lái xe đi từ sáng sớm.,,
727,Đồng nghĩa,,"Der Techniker hat die Maschine wieder ""angeworfen"". — Từ nào đồng nghĩa với từ trong ngoặc kép?",beginnen,studieren,starten,verhüllen,starten,anwerfen,warf an,khởi động máy,Kỹ thuật viên đã khởi động lại cỗ máy.,,
728,Đồng nghĩa,,"Ich bin schnell in den Bus ""eingestiegen"". — Từ nào đồng nghĩa với từ trong ngoặc kép?",wechseln,ablehnen,betreten,einziehen,betreten,einsteigen,stieg ein,lên xe,Tôi đã nhanh chóng lên xe buýt.,,
729,Đồng nghĩa,,"Ich habe mein Fahrrad vor dem Haus ""abgestellt"". — Từ nào đồng nghĩa với từ trong ngoặc kép?",verknüpfen,"groß, reif",interviewen,ausschalten,ausschalten,abstellen,stellte ab,tắt; đỗ xe,Tôi đã để xe đạp trước nhà.,,
730,Đồng nghĩa,,"Das Auto hat die Tür beim Unfall ""eingedrückt"". — Từ nào đồng nghĩa với từ trong ngoặc kép?",einbeulen,retournieren,hineingehen,verüben (tội),einbeulen,eindrücken,drückte ein,"làm móp, ấn vào",Chiếc xe đã làm móp cánh cửa trong vụ tai nạn.,,
731,Đồng nghĩa,,"Ich bin mit meinem Kollegen ""mitgefahren"". — Từ nào đồng nghĩa với từ trong ngoặc kép?",hineingehen,mitkommen,überlegen,betrachten,mitkommen,mitfahren,fuhr mit,đi cùng xe,Tôi đã đi nhờ xe cùng đồng nghiệp.,,
732,Đồng nghĩa,,"Wir haben höflich nach dem Preis ""angefragt"". — Từ nào đồng nghĩa với từ trong ngoặc kép?",nachweisen,stoppen,verzichten,nachfragen,nachfragen,anfragen,fragte an,hỏi thăm (chính thức),Chúng tôi đã lịch sự hỏi thăm về giá cả.,,
733,Đồng nghĩa,,"Wir haben das Problem ausführlich ""besprochen"". — Từ nào đồng nghĩa với từ trong ngoặc kép?",sich anziehen,diskutieren,präsentieren,belasten,diskutieren,besprechen,besprach,thảo luận,Chúng tôi đã thảo luận kỹ về vấn đề đó.,,
734,Đồng nghĩa,,"Diese Regel wurde vor zwei Jahren ""eingeführt"". — Từ nào đồng nghĩa với từ trong ngoặc kép?",bezahlen,fortsetzen,importieren,schließen,importieren,einführen,führte ein,giới thiệu; nhập khẩu,Quy định này đã được ban hành hai năm trước.,,
735,Đồng nghĩa,,"Diese Frage wurde in der Debatte ""aufgeworfen"". — Từ nào đồng nghĩa với từ trong ngoặc kép?",herausfließen,betrachten,betreffen,stellen,stellen,aufwerfen,warf auf,đặt ra (câu hỏi),Câu hỏi này đã được đặt ra trong cuộc tranh luận.,,
736,Đồng nghĩa,,"Er hat mir die schlechte Nachricht sofort ""mitgeteilt"". — Từ nào đồng nghĩa với từ trong ngoặc kép?",weggehen von,aufbrechen,informieren,betreffen,informieren,mitteilen,teilte mit,thông báo,Anh ấy đã báo ngay cho tôi tin xấu đó.,,
737,Đồng nghĩa,,"Das Paket wurde schnell ""losgebunden"". — Từ nào đồng nghĩa với từ trong ngoặc kép?",verzichten,sich erheben,entscheiden,lösen,lösen,losbinden,band los,"cởi trói, tháo dây",Gói hàng đã nhanh chóng được tháo dây.,,
738,Đồng nghĩa,,"Die Namen der Gewinner wurden laut ""verlesen"". — Từ nào đồng nghĩa với từ trong ngoặc kép?",verzichten,orientieren,vorlesen,umstoßen,vorlesen,verlesen,verlas,đọc to (danh sách),Tên của những người chiến thắng đã được đọc to lên.,,
739,Đồng nghĩa,,"Nach dem Unfall ist ein großer Stau ""entstanden"". — Từ nào đồng nghĩa với từ trong ngoặc kép?",sich bilden,erwerben,starten,eintreffen,sich bilden,entstehen,entstand,"hình thành, nảy sinh","Sau vụ tai nạn, một vụ kẹt xe lớn đã hình thành.",,
740,Đồng nghĩa,,"Sie hat das Buch auf Seite zehn ""aufgeschlagen"". — Từ nào đồng nghĩa với từ trong ngoặc kép?",öffnen,kopieren,zurückkehren,auswählen,öffnen,aufschlagen,schlug auf,đập vỡ trứng; mở sách; tăng giá,Cô ấy đã mở sách ra ở trang mười.,,
741,Đồng nghĩa,,"Ich habe noch einmal ""nachgefragt"", weil ich es nicht verstanden hatte. — Từ nào đồng nghĩa với từ trong ngoặc kép?",sich erkundigen,fallen lassen,öffnen,einstellen,sich erkundigen,nachfragen,fragte nach,hỏi lại cho rõ,Tôi đã hỏi lại một lần nữa vì chưa hiểu rõ.,,
742,Đồng nghĩa,,"Der Täter hat einen schweren Fehler ""begangen"". — Từ nào đồng nghĩa với từ trong ngoặc kép?",verlassen,verüben (tội),herausschneiden,teilnehmen,verüben (tội),begehen,beging,"phạm (tội), tổ chức lễ",Thủ phạm đã phạm một sai lầm nghiêm trọng.,,
743,Đồng nghĩa,,"Ich bin heute sehr früh ""aufgewacht"". — Từ nào đồng nghĩa với từ trong ngoặc kép?",äußern,stoppen,gestehen,erwachen,erwachen,aufwachen,wachte auf,tỉnh giấc,Hôm nay tôi đã thức giấc rất sớm.,,
744,Đồng nghĩa,,"Das Öl ist aus dem Tank ""ausgelaufen"". — Từ nào đồng nghĩa với từ trong ngoặc kép?",verkünden,herausfließen,starten,zustimmen,herausfließen,auslaufen,lief aus,chảy ra; hết hạn,Dầu đã bị rò rỉ ra khỏi bình chứa.,,
745,Đồng nghĩa,,"Der Film hat das Thema sehr gut ""dargestellt"". — Từ nào đồng nghĩa với từ trong ngoặc kép?",zeigen,sich maskieren,zerschneiden,erklären,zeigen,darstellen,stellte dar,miêu tả; biểu diễn,Bộ phim đã thể hiện chủ đề này rất tốt.,,
746,Đồng nghĩa,,"Ein fremder Hund ist uns einfach ""zugelaufen"". — Từ nào đồng nghĩa với từ trong ngoặc kép?",sich bilden,sich nähern,übermitteln,erzwingen,sich nähern,zulaufen,lief zu,chạy đến,Một con chó lạ đã tự chạy đến với chúng tôi.,,
747,Đồng nghĩa,,"Ich habe mein Studium letztes Jahr ""abgeschlossen"". — Từ nào đồng nghĩa với từ trong ngoặc kép?",imitieren,mitmachen,wechseln,beenden,beenden,abschließen,schloss ab,hoàn thành; khóa,Năm ngoái tôi đã hoàn thành việc học đại học.,,
748,Đồng nghĩa,,"Dieses Haus hat früher meinem Großvater ""gehört"". — Từ nào đồng nghĩa với từ trong ngoặc kép?",präsentieren,verlocken,Eigentum sein von,präsentieren,Eigentum sein von,gehören,gehörte,thuộc về,Ngôi nhà này trước đây thuộc về ông tôi.,,
749,Đồng nghĩa,,"Er hat diese Entscheidung gut ""bedacht"". — Từ nào đồng nghĩa với từ trong ngoặc kép?",überlegen,sich widmen,interviewen,bestimmen,überlegen,bedenken,bedachte,cân nhắc,Anh ấy đã suy nghĩ kỹ về quyết định này.,,
750,Đồng nghĩa,,"Diese Straße darf nicht mit dem Lkw ""befahren"" werden. — Từ nào đồng nghĩa với từ trong ngoặc kép?",anmachen,hineingehen,nutzen,klingen,nutzen,befahren,befuhr,đi trên (đường),Con đường này không được phép cho xe tải đi qua.,,
751,Đồng nghĩa,,"Sie hat ihre Heimat vor Jahren ""verlassen"". — Từ nào đồng nghĩa với từ trong ngoặc kép?",weggehen von,modifizieren,kündigen,zusammenstoßen,weggehen von,verlassen,verließ,rời bỏ,Cô ấy đã rời quê hương từ nhiều năm trước.,,
752,Đồng nghĩa,,"Unsere Mannschaft ist im Finale klar ""unterlegen"". — Từ nào đồng nghĩa với từ trong ngoặc kép?",umwandeln,präsentieren,kündigen,verlieren,verlieren,unterliegen,unterlag,"thua, chịu thua",Đội của chúng tôi đã thua rõ rệt ở trận chung kết.,,
753,Đồng nghĩa,,"Der Skandal wurde von einem Journalisten ""aufgedeckt"". — Từ nào đồng nghĩa với từ trong ngoặc kép?",enthüllen,erwähnen,sich widmen,angleichen,enthüllen,aufdecken,deckte auf,"phanh phui, lật tẩy",Vụ bê bối đã bị một nhà báo phanh phui.,,
754,Đồng nghĩa,,"Der Motor ist heute Morgen sofort ""angelaufen"". — Từ nào đồng nghĩa với từ trong ngoặc kép?",beginnen,steigen,verfallen,äußern,beginnen,anlaufen,lief an,khởi động; chạy đến,Sáng nay động cơ đã khởi động ngay lập tức.,,
755,Đồng nghĩa,,"Wir haben während der Werbung den Kanal ""umgeschaltet"". — Từ nào đồng nghĩa với từ trong ngoặc kép?",austeilen,verändern,wechseln,schlucken,wechseln,umschalten,schaltete um,chuyển kênh/chế độ,Chúng tôi đã chuyển kênh trong lúc quảng cáo.,,
756,Đồng nghĩa,,"Die Firma hat in zehn Jahren ein großes Netzwerk ""aufgebaut"". — Từ nào đồng nghĩa với từ trong ngoặc kép?",errichten,aufgeben,nachfragen,verkünden,errichten,aufbauen,baute auf,xây dựng lên,Công ty đã xây dựng một mạng lưới lớn trong mười năm.,,
757,Đồng nghĩa,,"Ich habe meine Tochter von der Schule ""abgeholt"". — Từ nào đồng nghĩa với từ trong ngoặc kép?",greifen,einsammeln,erneut überlegen,teilnehmen,einsammeln,abholen,holte ab,"đi đón, đi lấy",Tôi đã đón con gái từ trường về.,,
758,Đồng nghĩa,,"Die Kameras haben den Parkplatz die ganze Nacht ""überwacht"". — Từ nào đồng nghĩa với từ trong ngoặc kép?",zerschneiden,angehen,kontrollieren,amüsieren,kontrollieren,überwachen,überwachte,giám sát,Camera đã giám sát bãi đỗ xe suốt đêm.,,
759,Đồng nghĩa,,"Ein anderes Auto ist hinten ""aufgefahren"". — Từ nào đồng nghĩa với từ trong ngoặc kép?",zusammenstoßen,lösen,hinuntersteigen,präsentieren,zusammenstoßen,auffahren,fuhr auf,đâm vào phía sau,Một chiếc xe khác đã đâm vào phía sau.,,
760,Đồng nghĩa,,"Der Wind hat den Zaun ""umgeworfen"". — Từ nào đồng nghĩa với từ trong ngoặc kép?",zertrümmern,eintragen,umstoßen,weiterführen,umstoßen,umwerfen,warf um,làm đổ,Gió đã làm đổ hàng rào.,,
761,Đồng nghĩa,,"Die alte Fabrik wurde komplett ""abgebaut"". — Từ nào đồng nghĩa với từ trong ngoặc kép?",haben,sich vorstellen lassen,demontieren,enden,demontieren,abbauen,baute ab,tháo dỡ; khai thác,Nhà máy cũ đã được tháo dỡ hoàn toàn.,,
762,Đồng nghĩa,,"Ich habe lange über das Problem ""nachgedacht"". — Từ nào đồng nghĩa với từ trong ngoặc kép?",ordern,entscheiden,überlegen,hinuntersteigen,überlegen,nachdenken,dachte nach,suy nghĩ kỹ,Tôi đã suy nghĩ rất lâu về vấn đề đó.,,
763,Đồng nghĩa,,"Ich habe meinen Regenschirm ""mitgenommen"". — Từ nào đồng nghĩa với từ trong ngoặc kép?",blockieren,demontieren,zusammenstoßen,begleiten,begleiten,mitnehmen,nahm mit,mang theo,Tôi đã mang theo ô của mình.,,
764,Đồng nghĩa,,"Zu Karneval haben sich alle als Piraten ""verkleidet"". — Từ nào đồng nghĩa với từ trong ngoặc kép?",sich gut verstehen,interviewen,freilassen,sich maskieren,sich maskieren,verkleiden,verkleidete,"hóa trang, cải trang","Vào dịp lễ hội Carnival, mọi người đã hóa trang thành cướp biển.",,
765,Đồng nghĩa,,"Der Regen hat uns leider ""aufgehalten"". — Từ nào đồng nghĩa với từ trong ngoặc kép?",planen,darstellen,probieren,hindern,hindern,aufhalten,hielt auf,ngăn cản; giữ chân,Tiếc là cơn mưa đã làm chúng tôi chậm trễ.,,
766,Đồng nghĩa,,"Mir ist plötzlich eine gute Idee ""eingefallen"". — Từ nào đồng nghĩa với từ trong ngoặc kép?",herausschneiden,in den Sinn kommen,einstecken,kündigen,in den Sinn kommen,einfallen,fiel ein,nảy ra ý tưởng,Tôi bỗng nảy ra một ý tưởng hay.,,
767,Đồng nghĩa,,"Sein Angebot wurde höflich ""abgeschlagen"". — Từ nào đồng nghĩa với từ trong ngoặc kép?",ablehnen,äußern,errichten,planen,ablehnen,abschlagen,schlug ab,từ chối; đánh rơi,Đề nghị của anh ấy đã bị từ chối một cách lịch sự.,,
768,Đồng nghĩa,,"Mit achtzehn Jahren gilt man in Deutschland als ""erwachsen"". — Từ nào đồng nghĩa với từ trong ngoặc kép?",öffnen,"groß, reif",weggehen von,zurückkehren,"groß, reif",erwachsen,erwuchs,trưởng thành (tính từ/động từ),"Ở Đức, tròn mười tám tuổi được coi là trưởng thành.",,
769,Đồng nghĩa,,"Das Gebäude ist im Laufe der Jahre ""verfallen"". — Từ nào đồng nghĩa với từ trong ngoặc kép?",einbeulen,ablaufen,erweitern,sich aufhalten,ablaufen,verfallen,verfiel,hết hạn; suy tàn,Tòa nhà đã xuống cấp theo năm tháng.,,
770,Đồng nghĩa,,"Der Blitz ist direkt neben uns ""eingeschlagen"". — Từ nào đồng nghĩa với từ trong ngoặc kép?",einwickeln,ablehnen,einsammeln,sich bilden,einwickeln,einschlagen,schlug ein,đập vào; gói lại,Tia sét đã đánh trúng ngay bên cạnh chúng tôi.,,
771,Đồng nghĩa,,"Sie ist heute Morgen sehr früh ""aufgestanden"". — Từ nào đồng nghĩa với từ trong ngoặc kép?",bekleiden,aufdrehen,renovieren,sich erheben,sich erheben,aufstehen,stand auf,"thức dậy, đứng dậy",Sáng nay cô ấy đã thức dậy rất sớm.,,
772,Đồng nghĩa,,"Nach dem Urlaub sind wir spät ""zurückgekommen"". — Từ nào đồng nghĩa với từ trong ngoặc kép?",mitmachen,zurückkehren,einlenken,darlegen,zurückkehren,zurückkommen,kam zurück,quay trở lại,"Sau kỳ nghỉ, chúng tôi đã quay về muộn.",,
773,Đồng nghĩa,,"Das Konzert wurde leider ""abgesagt"". — Từ nào đồng nghĩa với từ trong ngoặc kép?",einfügen,sich verirren,enden,"canceln, stornieren","canceln, stornieren",absagen,sagte ab,hủy bỏ,Tiếc là buổi hòa nhạc đã bị hủy.,,
774,Đồng nghĩa,,"Er hat die Hausaufgaben einfach von seinem Freund ""abgeschrieben"". — Từ nào đồng nghĩa với từ trong ngoặc kép?",repräsentieren,schlucken,kopieren,bemerkbar sein,kopieren,abschreiben,schrieb ab,"chép lại, copy",Anh ấy đã chép bài tập về nhà từ bạn mình.,,
775,Đồng nghĩa,,"Die Stadt hat sich in den letzten Jahren stark ""verändert"". — Từ nào đồng nghĩa với từ trong ngoặc kép?",eindringen,fliehen,umwandeln,befolgen,umwandeln,verändern,veränderte,thay đổi (toàn diện),Thành phố đã thay đổi nhiều trong những năm gần đây.,,
776,Đồng nghĩa,,"Der Arzt hat einen Fehler ""festgestellt"". — Từ nào đồng nghĩa với từ trong ngoặc kép?",wirken,ausmachen,"groß, reif",bemerken,bemerken,feststellen,stellte fest,xác định; nhận ra,Bác sĩ đã phát hiện ra một sai sót.,,
777,Đồng nghĩa,,"Dieses Grundstück wurde noch nicht ""bebaut"". — Từ nào đồng nghĩa với từ trong ngoặc kép?",zurücknehmen,starten,demontieren,bepflanzen,bepflanzen,bebauen,bebaute,xây dựng trên (đất),Mảnh đất này vẫn chưa được xây dựng.,,
778,Đồng nghĩa,,"Wir haben uns auf das Risiko ""eingelassen"". — Từ nào đồng nghĩa với từ trong ngoặc kép?",kopieren,erweitern,riskieren,errichten,riskieren,einlassen,ließ ein,cho vào; dính líu,Chúng tôi đã chấp nhận mạo hiểm đó.,,
779,Đồng nghĩa,,"Eine neue Klimaanlage wurde ""eingebaut"". — Từ nào đồng nghĩa với từ trong ngoặc kép?",zerschneiden,ablaufen,installieren,anmachen,installieren,einbauen,baute ein,lắp đặt vào,Một chiếc điều hòa mới đã được lắp đặt.,,
780,Đồng nghĩa,,"Ich habe ihn sofort ""erkannt"". — Từ nào đồng nghĩa với từ trong ngoặc kép?",fallen lassen,wahrnehmen,weggehen von,betreten,wahrnehmen,erkennen,erkannte,nhận ra,Tôi đã nhận ra anh ấy ngay lập tức.,,
781,Đồng nghĩa,,"Sie hat sich ein schönes Kleid ""ausgesucht"". — Từ nào đồng nghĩa với từ trong ngoặc kép?",teilnehmen,auswählen,absichern,hinausfahren,auswählen,aussuchen,suchte aus,lựa chọn,Cô ấy đã chọn cho mình một chiếc váy đẹp.,,
782,Đồng nghĩa,,"Er ist mit dem Fahrrad schnell ""weggekommen"". — Từ nào đồng nghĩa với từ trong ngoặc kép?",entkommen,verzichten,kaputtgehen,sich aufhalten,entkommen,wegkommen,kam weg,"thoát khỏi, đi mất",Anh ấy đã nhanh chóng đi mất bằng xe đạp.,,
783,Đồng nghĩa,,"Er ist letztes Jahr in eine andere Stadt ""versetzt"" worden. — Từ nào đồng nghĩa với từ trong ngoặc kép?",verlegen,enden,ablaufen,ablehnen,verlegen,versetzen,versetzte,chuyển (công tác),Năm ngoái anh ấy đã bị chuyển công tác đến thành phố khác.,,
784,Đồng nghĩa,,"Die Polizei hat mehrere Zeugen ""befragt"". — Từ nào đồng nghĩa với từ trong ngoặc kép?","verhören, hören",interviewen,verleihen,repräsentieren,interviewen,befragen,befragte,"phỏng vấn, hỏi ý kiến",Cảnh sát đã phỏng vấn nhiều nhân chứng.,,
785,Đồng nghĩa,,"Der Redner wurde von einem Zuhörer ""unterbrochen"". — Từ nào đồng nghĩa với từ trong ngoặc kép?",produzieren,stoppen,verbinden,importieren,stoppen,unterbrechen,unterbrach,ngắt lời; gián đoạn,Diễn giả đã bị một khán giả ngắt lời.,,
786,Đồng nghĩa,,"Sie hat in den letzten Monaten fünf Kilo ""abgenommen"". — Từ nào đồng nghĩa với từ trong ngoặc kép?",sich nähern,Bescheid wissen,reduzieren,verlassen,reduzieren,abnehmen,nahm ab,giảm cân; tháo ra,Trong vài tháng qua cô ấy đã giảm năm cân.,,
787,Đồng nghĩa,,"Der Kurs war leider schon ""belegt"". — Từ nào đồng nghĩa với từ trong ngoặc kép?",wiedergeben,befestigen,beschuldigen,nachweisen,nachweisen,belegen,belegte,chứng minh; đăng ký khóa học,Tiếc là khóa học đã có người đăng ký hết chỗ.,,
788,Đồng nghĩa,,"Die beiden Themen sind eng miteinander ""verbunden"". — Từ nào đồng nghĩa với từ trong ngoặc kép?",verknüpfen,kündigen,kaputtgehen,einlenken,verknüpfen,verbinden,verband,kết nối; băng bó,Hai chủ đề này có liên hệ chặt chẽ với nhau.,,
789,Đồng nghĩa,,"Sie hat langsam und ruhig ""ausgeatmet"". — Từ nào đồng nghĩa với từ trong ngoặc kép?",exhalieren,ignorieren,eintippen,sich verirren,exhalieren,ausatmen,atmete aus,thở ra,Cô ấy đã thở ra chậm rãi và bình tĩnh.,,
790,Đồng nghĩa,,"Ich habe leider nicht ""verstanden"", was er gesagt hat. — Từ nào đồng nghĩa với từ trong ngoặc kép?",einsetzen,verordnen,"begreifen, kapieren",hinuntersteigen,"begreifen, kapieren",verstehen,verstand,hiểu,Tiếc là tôi đã không hiểu điều anh ấy nói.,,
791,Đồng nghĩa,,"Er hat seine Arbeit pflichtbewusst ""verrichtet"". — Từ nào đồng nghĩa với từ trong ngoặc kép?",sich erheben,erledigen,ausstatten,modifizieren,erledigen,verrichten,verrichtete,thực hiện (công việc),Anh ấy đã hoàn thành công việc một cách tận tâm.,,
792,Đồng nghĩa,,"Er hat den alten Karton ""weggeworfen"". — Từ nào đồng nghĩa với từ trong ngoặc kép?",aufbrechen,greifen,ablaufen,entsorgen,entsorgen,wegwerfen,warf weg,vứt bỏ,Anh ấy đã vứt bỏ chiếc thùng carton cũ.,,
793,Đồng nghĩa,,"Sie hat das Bild aus der Zeitung ""ausgeschnitten"". — Từ nào đồng nghĩa với từ trong ngoặc kép?",sich verhalten,zusagen,kündigen,herausschneiden,herausschneiden,ausschneiden,schnitt aus,"cắt ra, cắt rời",Cô ấy đã cắt bức ảnh ra từ tờ báo.,,
794,Đồng nghĩa,,"Der Wetterdienst hat Regen für morgen ""vorausgesagt"". — Từ nào đồng nghĩa với từ trong ngoặc kép?",vorhersagen,blockieren,notieren,belegen,vorhersagen,voraussagen,sagte voraus,dự đoán,Đài khí tượng đã dự báo mưa cho ngày mai.,,
795,Đồng nghĩa,,"Sie hat den Wasserhahn ""angedreht"". — Từ nào đồng nghĩa với từ trong ngoặc kép?",belauschen,vorführen,bemerkbar sein,aufdrehen,aufdrehen,andrehen,drehte an,"vặn (vòi, van) mở",Cô ấy đã vặn mở vòi nước.,,
796,Đồng nghĩa,,"Die Untersuchung wurde erfolgreich ""durchgeführt"". — Từ nào đồng nghĩa với từ trong ngoặc kép?",ausstatten,gestehen,ausführen,hochsteigen,ausführen,durchführen,führte durch,thực hiện,Cuộc điều tra đã được tiến hành thành công.,,
797,Đồng nghĩa,,"Wir haben unser Geld in Aktien ""angelegt"". — Từ nào đồng nghĩa với từ trong ngoặc kép?",investieren,greifen,nutzen,hochsteigen,investieren,anlegen,legte an,đầu tư; lắp đặt,Chúng tôi đã đầu tư tiền vào cổ phiếu.,,
798,Đồng nghĩa,,"Die schlechte Nachricht hat mich sehr ""bedrückt"". — Từ nào đồng nghĩa với từ trong ngoặc kép?",sich verirren,melden,belasten,wechseln,belasten,bedrücken,bedrückte,đè nặng (tâm lý),Tin xấu đó đã khiến tôi rất nặng lòng.,,
799,Đồng nghĩa,,"Der Zeuge hat vor Gericht die Wahrheit ""ausgesagt"". — Từ nào đồng nghĩa với từ trong ngoặc kép?",verlassen,abrücken,abstellen,erklären,erklären,aussagen,sagte aus,khai báo,Nhân chứng đã khai sự thật trước tòa.,,
800,Đồng nghĩa,,"Das Spiel wurde live im Fernsehen ""übertragen"". — Từ nào đồng nghĩa với từ trong ngoặc kép?",senden,erlauben,entscheiden,leiten,senden,übertragen,übertrug,truyền hình trực tiếp; chuyển giao,Trận đấu đã được truyền hình trực tiếp.,,
801,Đồng nghĩa,,"Ich habe es mehrmals ""versucht"", aber es hat nicht geklappt. — Từ nào đồng nghĩa với từ trong ngoặc kép?","erhalten, kriegen",probieren,melden,nachweisen,probieren,versuchen,versuchte,"thử, cố gắng",Tôi đã thử nhiều lần nhưng không thành công.,,
802,Đồng nghĩa,,"Die Tür war fest ""verschlossen"". — Từ nào đồng nghĩa với từ trong ngoặc kép?",betrachten,austeilen,aufbrechen,zusperren,zusperren,verschließen,verschloss,khóa lại,Cánh cửa đã bị khóa chặt.,,
803,Đồng nghĩa,,"Der Verkäufer hat drei Prozent vom Preis ""abgezogen"". — Từ nào đồng nghĩa với từ trong ngoặc kép?",eliminieren,ausstatten,abrücken,repräsentieren,abrücken,abziehen,zog ab,rút đi; trừ đi,Người bán đã trừ ba phần trăm giá.,,
804,Đồng nghĩa,,"Sie hat sich schnell an das neue Land ""angepasst"". — Từ nào đồng nghĩa với từ trong ngoặc kép?",abstellen,sich ausruhen,angleichen,verlieren,angleichen,anpassen,passte an,điều chỉnh cho phù hợp,Cô ấy đã nhanh chóng thích nghi với đất nước mới.,,
805,Đồng nghĩa,,"Der Lehrer hat die Hefte am Ende der Stunde ""eingesammelt"". — Từ nào đồng nghĩa với từ trong ngoặc kép?",lauschen,losgehen,einholen,zurücknehmen,einholen,einsammeln,sammelte ein,thu gom lại,Thầy giáo đã thu vở lại vào cuối giờ học.,,
806,Đồng nghĩa,,"Er ist aus dem Verein ""ausgetreten"". — Từ nào đồng nghĩa với từ trong ngoặc kép?",telefonieren,weiterführen,kündigen,entfernen,kündigen,austreten,trat aus,rút khỏi tổ chức,Anh ấy đã rút khỏi câu lạc bộ.,,
807,Đồng nghĩa,,"Der Preis ist im Zimmerpreis schon ""eingeschlossen"". — Từ nào đồng nghĩa với từ trong ngoặc kép?",errichten,zusammenstoßen,enthalten,hindern,enthalten,einschließen,schloss ein,bao gồm; nhốt,Giá đó đã được bao gồm trong giá phòng.,,
808,Đồng nghĩa,,"Er hat sich mit seinen Entscheidungen die Zukunft selbst ""verbaut"". — Từ nào đồng nghĩa với từ trong ngoặc kép?",entwickeln,anstellen,nutzen,blockieren,blockieren,verbauen,verbaute,lắp đặt; che chắn,Anh ấy đã tự làm hỏng tương lai của mình bằng những quyết định đó.,,
809,Đồng nghĩa,,"Das Theaterstück wurde letzte Woche ""aufgeführt"". — Từ nào đồng nghĩa với từ trong ngoặc kép?",ignorieren,vorführen,übermitteln,wahrnehmen,vorführen,aufführen,führte auf,"biểu diễn, trình diễn",Vở kịch đã được trình diễn vào tuần trước.,,
810,Đồng nghĩa,,"Ich habe mir die Telefonnummer schnell ""aufgeschrieben"". — Từ nào đồng nghĩa với từ trong ngoặc kép?",achtgeben,sich vorstellen lassen,"erhalten, kriegen",notieren,notieren,aufschreiben,schrieb auf,"viết ra, ghi chú",Tôi đã nhanh chóng ghi lại số điện thoại.,,
811,Đồng nghĩa,,"Sie hat heute müde ""ausgesehen"". — Từ nào đồng nghĩa với từ trong ngoặc kép?",wechseln,wirken,zusammenstoßen,sich bilden,wirken,aussehen,sah aus,trông như,Hôm nay trông cô ấy có vẻ mệt mỏi.,,
812,Đồng nghĩa,,"Wir haben zwei Pizzen ""bestellt"". — Từ nào đồng nghĩa với từ trong ngoặc kép?",einwickeln,auffordern,wirken,ordern,ordern,bestellen,bestellte,đặt hàng,Chúng tôi đã đặt hai chiếc pizza.,,
813,Đồng nghĩa,,"Er hat schon immer ein großes Talent ""besessen"". — Từ nào đồng nghĩa với từ trong ngoặc kép?",errichten,erzählen,haben,verteilen,haben,besitzen,besaß,sở hữu,Anh ấy vốn luôn sở hữu một tài năng lớn.,,
814,Đồng nghĩa,,"Der Kranke hat sich langsam ""aufgerichtet"". — Từ nào đồng nghĩa với từ trong ngoặc kép?",verwenden,aufstellen,vorlesen,nutzen,aufstellen,aufrichten,richtete auf,dựng thẳng lên,Người bệnh đã từ từ ngồi dậy được.,,
815,Đồng nghĩa,,"Die Lehrerin hat die Bücher an alle Schüler ""verteilt"". — Từ nào đồng nghĩa với từ trong ngoặc kép?",schließen,ausschalten,austeilen,teilnehmen,austeilen,verteilen,verteilte,phân phát,Cô giáo đã phát sách cho tất cả học sinh.,,
816,Đồng nghĩa,,"Seit dem Unfall sind schon drei Jahre ""vergangen"". — Từ nào đồng nghĩa với từ trong ngoặc kép?",darlegen,öffnen,verstreichen,enden,verstreichen,vergehen,verging,trôi qua (thời gian),Đã ba năm trôi qua kể từ vụ tai nạn.,,
817,Đồng nghĩa,,"Der Friseur hat mir die Haare kurz ""abgeschnitten"". — Từ nào đồng nghĩa với từ trong ngoặc kép?",öffnen,hinuntersteigen,zurücknehmen,wegschneiden,wegschneiden,abschneiden,schnitt ab,cắt bỏ; đạt kết quả (thi),Thợ cắt tóc đã cắt tóc tôi ngắn.,,
818,Đồng nghĩa,,"Er hat die Regeln immer genau ""eingehalten"". — Từ nào đồng nghĩa với từ trong ngoặc kép?",starten,fallen lassen,austeilen,befolgen,befolgen,einhalten,hielt ein,tuân thủ,Anh ấy luôn tuân thủ nghiêm ngặt các quy tắc.,,
819,Đồng nghĩa,,"Er hat sich schnell ""umgedreht"" und ist weggegangen. — Từ nào đồng nghĩa với từ trong ngoặc kép?",anziehen (mũ),wenden,mitmachen,starten,wenden,umdrehen,drehte um,"xoay ngược lại, quay đầu",Anh ấy đã nhanh chóng quay người lại và bỏ đi.,,
820,Đồng nghĩa,,"Er hat endlich seinen Fehler ""eingesehen"". — Từ nào đồng nghĩa với từ trong ngoặc kép?",erkennen,wiedergeben,versäumen,entfallen,erkennen,einsehen,sah ein,"nhận ra, hiểu ra",Cuối cùng anh ấy đã nhận ra sai lầm của mình.,,
821,Đồng nghĩa,,"Der Ballon ist langsam ""aufgestiegen"". — Từ nào đồng nghĩa với từ trong ngoặc kép?",veräußern,erzwingen,hochsteigen,verlassen,hochsteigen,aufsteigen,stieg auf,leo lên; thăng chức,Khinh khí cầu đã từ từ bay lên.,,
822,Đồng nghĩa,,"Sein seltsames Verhalten ist mir sofort ""aufgefallen"". — Từ nào đồng nghĩa với từ trong ngoặc kép?",begleiten,bemerkbar sein,verordnen,ausmachen,bemerkbar sein,auffallen,fiel auf,gây chú ý,Hành vi kỳ lạ của anh ấy khiến tôi chú ý ngay.,,
823,Đồng nghĩa,,"So etwas ist mir noch nie ""vorgekommen"". — Từ nào đồng nghĩa với từ trong ngoặc kép?",beschuldigen,hineingehen,"passieren, geschehen",hoffen auf,"passieren, geschehen",vorkommen,kam vor,xảy ra,Chuyện như thế này chưa từng xảy ra với tôi.,,
824,Đồng nghĩa,,"Die Gefahr konnte gerade noch ""abgewendet"" werden. — Từ nào đồng nghĩa với từ trong ngoặc kép?","erhalten, kriegen",verhindern,präsentieren,einbeulen,verhindern,abwenden,wendete ab,ngăn chặn; quay đi,Mối nguy hiểm đã vừa kịp được ngăn chặn.,,
825,Đồng nghĩa,,"Wir sind früh am Morgen zur Reise ""aufgebrochen"". — Từ nào đồng nghĩa với từ trong ngoặc kép?",betrachten,veräußern,nachfragen,losgehen,losgehen,aufbrechen,brach auf,lên đường; cạy mở,Chúng tôi đã lên đường từ sáng sớm.,,
826,Đồng nghĩa,,"Der Fahrer hat den Motor kurz ""angefahren"". — Từ nào đồng nghĩa với từ trong ngoặc kép?",verpacken,einlenken,starten,verleihen,starten,anfahren,fuhr an,khởi động xe; đâm vào,Tài xế đã khởi động động cơ một lát.,,
827,Đồng nghĩa,,"Der Lehrer hat die Schüler zur Ruhe ""aufgerufen"". — Từ nào đồng nghĩa với từ trong ngoặc kép?",auffordern,zusagen,hochsteigen,verlassen,auffordern,aufrufen,rief auf,kêu gọi; gọi tên,Thầy giáo đã kêu gọi học sinh giữ trật tự.,,
828,Đồng nghĩa,,"Die Kinder haben sich warm ""angezogen"". — Từ nào đồng nghĩa với từ trong ngoặc kép?",signieren,bekleiden,öffnen,interpretieren,bekleiden,anziehen,zog an,mặc quần áo,Bọn trẻ đã mặc quần áo ấm.,,
829,Đồng nghĩa,,"Zum Zeitpunkt der Entscheidung haben noch keine Beweise ""vorgelegen"". — Từ nào đồng nghĩa với từ trong ngoặc kép?",greifen,verkünden,existieren,kontrollieren,existieren,vorliegen,lag vor,"có sẵn, tồn tại (hồ sơ)","Tại thời điểm ra quyết định, chưa có bằng chứng nào tồn tại.",,
830,Đồng nghĩa,,"Die Schüler haben dem Lehrer aufmerksam ""zugehört"". — Từ nào đồng nghĩa với từ trong ngoặc kép?",erlauben,importieren,lauschen,groß werden,lauschen,zuhören,hörte zu,lắng nghe,Học sinh đã lắng nghe thầy giáo một cách chăm chú.,,
831,Đồng nghĩa,,"Der Chef hat die Aufgabe schon ""vergeben"". — Từ nào đồng nghĩa với từ trong ngoặc kép?",verleihen,ausschalten,abreisen,entsorgen,verleihen,vergeben,vergab,trao tặng; tha thứ,Sếp đã giao việc đó rồi.,,
832,Đồng nghĩa,,"Der Journalist hat meine Worte in seinem Artikel ""verdreht"". — Từ nào đồng nghĩa với từ trong ngoặc kép?",umstoßen,verzerren,schrumpfen,vorführen,verzerren,verdrehen,verdrehte,vặn xoắn; xuyên tạc,Nhà báo đã xuyên tạc lời nói của tôi trong bài viết.,,
833,Đồng nghĩa,,"Der Fahrer hat die Geschwindigkeitsgrenze ""übertreten"". — Từ nào đồng nghĩa với từ trong ngoặc kép?",inhalieren,erwerben,verletzen,öffnen,verletzen,übertreten,übertrat,vi phạm / chuyển sang,Tài xế đã vi phạm giới hạn tốc độ.,,
834,Đồng nghĩa,,"Er hat den Raum leise ""betreten"". — Từ nào đồng nghĩa với từ trong ngoặc kép?",hineinfahren,hineingehen,verlassen,bedrängen,hineingehen,betreten,betrat,bước vào,Anh ấy đã bước vào phòng một cách nhẹ nhàng.,,
835,Đồng nghĩa,,"Wir haben heute im Supermarkt ""eingekauft"". — Từ nào đồng nghĩa với từ trong ngoặc kép?",shoppen,geschehen,enden,senden,shoppen,einkaufen,kaufte ein,mua sắm,Hôm nay chúng tôi đã đi mua sắm ở siêu thị.,,
836,Đồng nghĩa,,"Für dieses Projekt ist mehr Zeit ""vorgesehen"". — Từ nào đồng nghĩa với từ trong ngoặc kép?",ausschalten,planen,ausstatten,entfallen,planen,vorsehen,sah vor,dự định; đề phòng,Nhiều thời gian hơn đã được dự trù cho dự án này.,,
837,Đồng nghĩa,,"Die Gurken wurden in Essig ""eingelegt"". — Từ nào đồng nghĩa với từ trong ngoặc kép?",wechseln,beginnen,einfügen,haben,einfügen,einlegen,legte ein,đặt vào; ngâm thực phẩm,Dưa chuột đã được ngâm trong giấm.,,
838,Đồng nghĩa,,"Für dieses Rezept wird viel Zucker ""verwendet"". — Từ nào đồng nghĩa với từ trong ngoặc kép?",sich erheben,einsammeln,benutzen,stoppen,benutzen,verwenden,verwendete,sử dụng,Công thức này cần dùng nhiều đường.,,
839,Đồng nghĩa,,"Die beiden Kollegen haben sich nach dem Streit wieder gut ""vertragen"". — Từ nào đồng nghĩa với từ trong ngoặc kép?",einholen,sich gut verstehen,verfallen,präsentieren,sich gut verstehen,vertragen,vertrug,chịu đựng được; hòa hợp,Hai đồng nghiệp đã hòa thuận trở lại sau cuộc cãi vã.,,
840,Đồng nghĩa,,"Der Fremde hat mich auf der Straße ""angesprochen"". — Từ nào đồng nghĩa với từ trong ngoặc kép?",senden,anreden,shoppen,weglassen,anreden,ansprechen,sprach an,bắt chuyện; đề cập,Người lạ đã bắt chuyện với tôi trên đường.,,
841,Đồng nghĩa,,"Die Information wurde sofort an alle ""weitergegeben"". — Từ nào đồng nghĩa với từ trong ngoặc kép?",bemerken,haben,übermitteln,überprüfen,übermitteln,weitergeben,gab weiter,chuyển tiếp,Thông tin đã được chuyển tiếp ngay đến mọi người.,,
842,Đồng nghĩa,,"Die Großeltern haben die Enkelkinder ""aufgezogen"". — Từ nào đồng nghĩa với từ trong ngoặc kép?",großziehen,abrücken,zerschneiden,ausschalten,großziehen,aufziehen,zog auf,nuôi dạy; kéo lên,Ông bà đã nuôi dạy các cháu.,,
843,Đồng nghĩa,,"Ich habe den Brief in den Briefkasten ""eingeworfen"". — Từ nào đồng nghĩa với từ trong ngoặc kép?",errichten,einstecken,anreden,auffordern,einstecken,einwerfen,warf ein,bỏ vào hòm thư; chen vào,Tôi đã bỏ lá thư vào hòm thư.,,
844,Đồng nghĩa,,"Der Bus hat an der Ampel ""angehalten"". — Từ nào đồng nghĩa với từ trong ngoặc kép?",zerschneiden,stoppen,erwerben,schrumpfen,stoppen,anhalten,hielt an,dừng lại,Xe buýt đã dừng lại ở đèn giao thông.,,
845,Đồng nghĩa,,"Wir haben einen Termin für nächste Woche ""ausgemacht"". — Từ nào đồng nghĩa với từ trong ngoặc kép?",telefonieren,ausschalten,reduzieren,verüben (tội),ausschalten,ausmachen,machte aus,tắt (đèn); thỏa thuận,Chúng tôi đã hẹn một cuộc gặp vào tuần sau.,,
846,Đồng nghĩa,,"Sie hat ihren neuen Freund ""vorgestellt"". — Từ nào đồng nghĩa với từ trong ngoặc kép?",ausstatten,präsentieren,bestimmen,importieren,präsentieren,vorstellen,stellte vor,giới thiệu,Cô ấy đã giới thiệu bạn trai mới của mình.,,
847,Đồng nghĩa,,"Die Kosten haben insgesamt tausend Euro ""betragen"". — Từ nào đồng nghĩa với từ trong ngoặc kép?",verhüllen,informieren,verlegen,ausmachen,ausmachen,betragen,betrug,có giá trị là (số tiền); cư xử,Tổng chi phí đã lên tới một nghìn euro.,,
848,Đồng nghĩa,,"Der Regen hat endlich ""aufgehört"". — Từ nào đồng nghĩa với từ trong ngoặc kép?",verteilen,beginnen,kaputtgehen,beenden,beenden,aufhören,hörte auf,dừng lại,Cuối cùng mưa cũng đã tạnh.,,
849,Đồng nghĩa,,"Der Fahrer hat mich vor dem Bahnhof ""abgesetzt"". — Từ nào đồng nghĩa với từ trong ngoặc kép?",vorhersagen,hinstellen,existieren,zertrümmern,hinstellen,absetzen,setzte ab,thả xuống; phế truất,Tài xế đã thả tôi xuống trước nhà ga.,,
850,Đồng nghĩa,,"Ich habe ihm das Fahrrad günstig ""abgekauft"". — Từ nào đồng nghĩa với từ trong ngoặc kép?",enthüllen,senden,erwerben,leiten,erwerben,abkaufen,kaufte ab,mua lại (của ai),Tôi đã mua lại chiếc xe đạp của anh ấy với giá rẻ.,,
851,Đồng nghĩa,,"Das Papier wurde in kleine Stücke ""zerschnitten"". — Từ nào đồng nghĩa với từ trong ngoặc kép?",hineingehen,erscheinen,zerteilen,versäumen,zerteilen,zerschneiden,zerschnitt,cắt vụn,Tờ giấy đã bị cắt thành từng mảnh nhỏ.,,
852,Đồng nghĩa,,"Das Gebäude wird rund um die Uhr ""bewacht"". — Từ nào đồng nghĩa với từ trong ngoặc kép?",kontrollieren,beschützen,vorführen,verstreichen,beschützen,bewachen,bewachte,canh gác,Tòa nhà được canh gác suốt ngày đêm.,,
853,Đồng nghĩa,,"Ich habe die Information aus dem Internet ""bezogen"". — Từ nào đồng nghĩa với từ trong ngoặc kép?",einziehen,teilnehmen,nachfragen,präsentieren,einziehen,beziehen,bezog,chuyển đến; lấy (từ nguồn),Tôi đã lấy thông tin từ Internet.,,
854,Đồng nghĩa,,"Er hat mir Hilfe ""versprochen"". — Từ nào đồng nghĩa với từ trong ngoặc kép?",zusagen,entsorgen,zerschneiden,fertiglesen,zusagen,versprechen,versprach,hứa,Anh ấy đã hứa giúp đỡ tôi.,,
855,Đồng nghĩa,,"Er hat sein altes Auto ""verkauft"". — Từ nào đồng nghĩa với từ trong ngoặc kép?",kündigen,ausführen,veräußern,"verhören, hören",veräußern,verkaufen,verkaufte,bán,Anh ấy đã bán chiếc xe cũ của mình.,,
856,Đồng nghĩa,,"Die Firma hat neue Technologien ""eingesetzt"". — Từ nào đồng nghĩa với từ trong ngoặc kép?",umwandeln,verknüpfen,verwenden,Eigentum sein von,verwenden,einsetzen,setzte ein,sử dụng; lắp vào,Công ty đã sử dụng các công nghệ mới.,,
857,Đồng nghĩa,,"Sie ist ohne ein Wort ""weggegangen"". — Từ nào đồng nghĩa với từ trong ngoặc kép?",aufbrechen,orientieren,ausmachen,verlassen,verlassen,weggehen,ging weg,rời đi,Cô ấy đã bỏ đi mà không nói một lời.,,
858,Đồng nghĩa,,"Wir sind letztes Jahr in eine neue Wohnung ""umgezogen"". — Từ nào đồng nghĩa với từ trong ngoặc kép?",freilassen,übersiedeln,rezitieren,überprüfen,übersiedeln,umziehen,zog um,chuyển nhà; thay đồ,Năm ngoái chúng tôi đã chuyển đến căn hộ mới.,,
859,Đồng nghĩa,,"Das Holz hat sich durch die Feuchtigkeit ""verzogen"". — Từ nào đồng nghĩa với từ trong ngoặc kép?","erhalten, kriegen",mitkommen,"begreifen, kapieren",umziehen,umziehen,verziehen,verzog,chuyển nhà; biến dạng,Gỗ đã bị biến dạng do độ ẩm.,,
860,Đồng nghĩa,,"Ich habe den Fernseher ""eingeschaltet"". — Từ nào đồng nghĩa với từ trong ngoặc kép?",anmachen,zerteilen,erklären,erzwingen,anmachen,einschalten,schaltete ein,bật (thiết bị),Tôi đã bật tivi.,,
861,Đồng nghĩa,,"Letzte Nacht ist bei uns jemand ""eingebrochen"". — Từ nào đồng nghĩa với từ trong ngoặc kép?",einziehen,verüben (tội),eindringen,herausfließen,eindringen,einbrechen,brach ein,đột nhập; sập xuống,Đêm qua ai đó đã đột nhập vào nhà chúng tôi.,,
862,Đồng nghĩa,,"Das Treffen wurde auf nächste Woche ""verlegt"". — Từ nào đồng nghĩa với từ trong ngoặc kép?",zerschneiden,verschieben,verbinden,einstecken,verschieben,verlegen,verlegte,dời đi; làm thất lạc,Buổi gặp mặt đã được dời sang tuần sau.,,
863,Đồng nghĩa,,"Der Sänger ist gestern zum ersten Mal ""aufgetreten"". — Từ nào đồng nghĩa với từ trong ngoặc kép?",renovieren,ausstatten,erscheinen,kopieren,erscheinen,auftreten,trat auf,xuất hiện; biểu diễn,Hôm qua ca sĩ đã biểu diễn lần đầu tiên.,,
864,Đồng nghĩa,,"Alle Kinder haben bei dem Spiel ""mitgespielt"". — Từ nào đồng nghĩa với từ trong ngoặc kép?",präsentieren,teilnehmen,geschehen,mitkommen,teilnehmen,mitspielen,spielte mit,"chơi cùng, tham gia",Tất cả bọn trẻ đã cùng chơi trò chơi đó.,,
865,Đồng nghĩa,,"Er hat das Gespräch plötzlich ""abgebrochen"". — Từ nào đồng nghĩa với từ trong ngoặc kép?",stoppen,verteilen,erklären,aufgeben,aufgeben,abbrechen,brach ab,hủy bỏ; gãy,Anh ấy đột nhiên chấm dứt cuộc trò chuyện.,,
866,Đồng nghĩa,,"Die neue Wohnung wurde schön ""eingerichtet"". — Từ nào đồng nghĩa với từ trong ngoặc kép?",ausstatten,einziehen,greifen,herausschneiden,ausstatten,einrichten,richtete ein,trang bị nội thất; sắp đặt,Căn hộ mới đã được trang trí đẹp mắt.,,
867,Đồng nghĩa,,"Die Proteste wurden vom Militär ""unterdrückt"". — Từ nào đồng nghĩa với từ trong ngoặc kép?",sich ausruhen,öffnen,betreten,bedrängen,bedrängen,unterdrücken,unterdrückte,"đàn áp, kìm nén",Các cuộc biểu tình đã bị quân đội đàn áp.,,
868,Đồng nghĩa,,"Er hat seinen Fehler sofort ""zugegeben"". — Từ nào đồng nghĩa với từ trong ngoặc kép?",erledigen,gestehen,verlieren,aufbrechen,gestehen,zugeben,gab zu,thừa nhận,Anh ấy đã thừa nhận lỗi của mình ngay lập tức.,,
869,Đồng nghĩa,,"Diese Methode ist offiziell nicht ""zugelassen"". — Từ nào đồng nghĩa với từ trong ngoặc kép?",sich gut verstehen,"canceln, stornieren",erlauben,aufdrehen,erlauben,zulassen,ließ zu,cho phép,Phương pháp này chính thức không được cho phép.,,
870,Đồng nghĩa,,"Das Team ist dieses Jahr in die zweite Liga ""abgestiegen"". — Từ nào đồng nghĩa với từ trong ngoặc kép?",hinuntersteigen,studieren,telefonieren,schrumpfen,hinuntersteigen,absteigen,stieg ab,xuống; xuống hạng,Năm nay đội bóng đã xuống hạng nhì.,,
871,Đồng nghĩa,,"Er hat sein Versprechen später ""widerrufen"". — Từ nào đồng nghĩa với từ trong ngoặc kép?",zurücknehmen,öffnen,nicht bemerken,freilassen,zurücknehmen,widerrufen,widerrief,rút lại (lời nói),Sau đó anh ấy đã rút lại lời hứa của mình.,,
872,Đồng nghĩa,,"Ich habe im Unterricht nicht gut ""aufgepasst"". — Từ nào đồng nghĩa với từ trong ngoặc kép?",achtgeben,"verhören, hören",ausführen,realisieren,achtgeben,aufpassen,passte auf,"chú ý, trông chừng",Tôi đã không chú ý tốt trong giờ học.,,
873,Đồng nghĩa,,"Sie hat ihren Plan noch einmal ""überdacht"". — Từ nào đồng nghĩa với từ trong ngoặc kép?",Schlange stehen,erneut überlegen,übermitteln,verlegen,erneut überlegen,überdenken,überdachte,suy xét lại,Cô ấy đã suy xét lại kế hoạch của mình một lần nữa.,,
874,Đồng nghĩa,,"Ich habe das Geheimnis für mich ""behalten"". — Từ nào đồng nghĩa với từ trong ngoặc kép?",mitkommen,hinaufklettern,aufbewahren,lösen,aufbewahren,behalten,behielt,giữ lại,Tôi đã giữ bí mật cho riêng mình.,,
875,Đồng nghĩa,,"Das Flugzeug hat Hilfsgüter ""abgeworfen"". — Từ nào đồng nghĩa với từ trong ngoặc kép?",fallen lassen,verlassen,senden,eintragen,fallen lassen,abwerfen,warf ab,ném xuống; mang lại lợi nhuận,Máy bay đã thả hàng viện trợ xuống.,,
876,Đồng nghĩa,,"Die Kinder haben ihre Geschenke sofort ""ausgepackt"". — Từ nào đồng nghĩa với từ trong ngoặc kép?",öffnen,aufbrechen,einrücken,zertrümmern,öffnen,auspacken,packte aus,mở gói ra,Bọn trẻ đã mở quà ngay lập tức.,,
877,Đồng nghĩa,,"Der Pullover ist beim Waschen ""eingegangen"". — Từ nào đồng nghĩa với từ trong ngoặc kép?",schrumpfen,umstoßen,heimsuchen,darstellen,schrumpfen,eingehen,ging ein,co lại; đi vào,Chiếc áo len đã bị co lại khi giặt.,,
878,Đồng nghĩa,,"Ich habe das Formular vollständig ""ausgefüllt"". — Từ nào đồng nghĩa với từ trong ngoặc kép?",eintragen,sich vorstellen lassen,"akzeptieren, vermuten",schlucken,eintragen,ausfüllen,füllte aus,điền (biểu mẫu),Tôi đã điền đầy đủ vào biểu mẫu.,,
879,Đồng nghĩa,,"Wir haben ""beschlossen"", früher in den Urlaub zu fahren. — Từ nào đồng nghĩa với từ trong ngoặc kép?",entscheiden,überlegen,bezahlen,verknüpfen,entscheiden,beschließen,beschloss,quyết định,Chúng tôi đã quyết định đi nghỉ sớm hơn.,,
880,Đồng nghĩa,,"Er hat seinen Ausweis am Eingang ""vorgezeigt"". — Từ nào đồng nghĩa với từ trong ngoặc kép?",präsentieren,verwenden,leiten,aufbewahren,präsentieren,vorzeigen,zeigte vor,"trình ra, xuất trình",Anh ấy đã xuất trình giấy tờ tùy thân ở lối vào.,,
881,Đồng nghĩa,,"Sie hat den Text komplett ""umgeschrieben"". — Từ nào đồng nghĩa với từ trong ngoặc kép?",mitmachen,verschieben,entkleiden,neu formulieren,neu formulieren,umschreiben,schrieb um,viết lại,Cô ấy đã viết lại toàn bộ văn bản.,,
882,Đồng nghĩa,,"Wir sind in Frankfurt in einen anderen Zug ""umgestiegen"". — Từ nào đồng nghĩa với từ trong ngoặc kép?",kontrollieren,hoffen auf,wechseln,verleihen,wechseln,umsteigen,stieg um,đổi chuyến (tàu/xe),Chúng tôi đã đổi sang chuyến tàu khác ở Frankfurt.,,
883,Đồng nghĩa,,"Die Familie ist gestern in das Haus ""eingezogen"". — Từ nào đồng nghĩa với từ trong ngoặc kép?",einrücken,greifen,notieren,ausschalten,einrücken,einziehen,zog ein,chuyển vào (nhà),Gia đình đã chuyển vào nhà hôm qua.,,
884,Đồng nghĩa,,"Die Veranstaltung ist gut ""verlaufen"". — Từ nào đồng nghĩa với từ trong ngoặc kép?",geschehen,betreten,übersiedeln,erklären,geschehen,verlaufen,verlief,diễn ra thế nào; đi lạc,Sự kiện đã diễn ra tốt đẹp.,,
885,Đồng nghĩa,,"Die Mutter hat dem Kind eine Geschichte ""vorgelesen"". — Từ nào đồng nghĩa với từ trong ngoặc kép?",rezitieren,zerschneiden,ablaufen,vereinbaren,rezitieren,vorlesen,las vor,đọc to cho nghe,Người mẹ đã đọc truyện cho con nghe.,,
886,Đồng nghĩa,,"Wir haben unsere Großeltern am Wochenende ""besucht"". — Từ nào đồng nghĩa với từ trong ngoặc kép?",informieren,"akzeptieren, vermuten",aufsuchen,entkleiden,aufsuchen,besuchen,besuchte,thăm,Cuối tuần chúng tôi đã đi thăm ông bà.,,
887,Đồng nghĩa,,"Diese Möbel werden in Deutschland ""hergestellt"". — Từ nào đồng nghĩa với từ trong ngoặc kép?",beobachten,bestimmen,Eigentum sein von,produzieren,produzieren,herstellen,stellte her,sản xuất,Những món đồ nội thất này được sản xuất tại Đức.,,
888,Đồng nghĩa,,"Wir haben viel Geld für das Hotel ""ausgegeben"". — Từ nào đồng nghĩa với từ trong ngoặc kép?",bezahlen,informieren,haben,lösen,bezahlen,ausgeben,gab aus,chi tiêu; phát ra,Chúng tôi đã chi rất nhiều tiền cho khách sạn.,,
889,Đồng nghĩa,,"Alle Plätze im Zug waren schon ""besetzt"". — Từ nào đồng nghĩa với từ trong ngoặc kép?",telefonieren,belegen,fliehen,ausführen,belegen,besetzen,besetzte,chiếm giữ,Tất cả chỗ ngồi trên tàu đều đã có người ngồi.,,
890,Đồng nghĩa,,"Die Touristen sind heute Morgen ""abgereist"". — Từ nào đồng nghĩa với từ trong ngoặc kép?",öffnen,aufbrechen,zeigen,sich anziehen,aufbrechen,abreisen,reiste ab,"khởi hành, lên đường",Sáng nay các du khách đã lên đường rời đi.,,
891,Đồng nghĩa,,"Ich habe das Buch der Bibliothek ""zurückgegeben"". — Từ nào đồng nghĩa với từ trong ngoặc kép?",ablehnen,kündigen,retournieren,orientieren,retournieren,zurückgeben,gab zurück,trả lại,Tôi đã trả sách lại cho thư viện.,,
892,Đồng nghĩa,,"Auf dem Konto sind hohe Zinsen ""aufgelaufen"". — Từ nào đồng nghĩa với từ trong ngoặc kép?","passieren, geschehen",freilassen,sich ansammeln,einsammeln,sich ansammeln,auflaufen,lief auf,mắc cạn; tích lũy,Lãi suất cao đã tích lũy trong tài khoản.,,
893,Đồng nghĩa,,"Der Bus ist gerade ""ausgefahren"". — Từ nào đồng nghĩa với từ trong ngoặc kép?",enthalten,hinausfahren,integrieren,verpacken,hinausfahren,ausfahren,fuhr aus,lái ra ngoài,Xe buýt vừa mới chạy ra.,,
894,Đồng nghĩa,,"Sie hat das Ergebnis geduldig ""abgewartet"". — Từ nào đồng nghĩa với từ trong ngoặc kép?",eintragen,erwachen,warten auf,fertiglesen,warten auf,abwarten,wartete ab,chờ đợi (kết quả),Cô ấy đã kiên nhẫn chờ đợi kết quả.,,
895,Đồng nghĩa,,"Ich habe meinen Koffer schon ""eingepackt"". — Từ nào đồng nghĩa với từ trong ngoặc kép?",einrücken,starten,verpacken,beenden,verpacken,einpacken,packte ein,"đóng gói, gói lại",Tôi đã đóng gói vali của mình rồi.,,
896,Đồng nghĩa,,"Die Konferenz wurde in Berlin ""abgehalten"". — Từ nào đồng nghĩa với từ trong ngoặc kép?",durchführen,heimsuchen,lösen,sich maskieren,durchführen,abhalten,hielt ab,tổ chức; ngăn cản,Hội nghị đã được tổ chức tại Berlin.,,
897,Đồng nghĩa,,"Wir haben uns den Film gestern ""angesehen"". — Từ nào đồng nghĩa với từ trong ngoặc kép?",sich maskieren,ausschalten,öffnen,betrachten,betrachten,ansehen,sah an,"nhìn, xem",Hôm qua chúng tôi đã xem bộ phim đó.,,
898,Đồng nghĩa,,"Er hat die Führerscheinprüfung ""bestanden"". — Từ nào đồng nghĩa với từ trong ngoặc kép?",reduzieren,neu formulieren,mitkommen,(eine Prüfung) schaffen,(eine Prüfung) schaffen,bestehen,bestand,đỗ (thi); tồn tại,Anh ấy đã đỗ kỳ thi lái xe.,,
899,Đồng nghĩa,,"Er hat uns sein neuestes Stück am Klavier ""vorgespielt"". — Từ nào đồng nghĩa với từ trong ngoặc kép?",kontrollieren,übergeben,verwirklichen,präsentieren,präsentieren,vorspielen,spielte vor,biểu diễn cho ai xem,Anh ấy đã chơi cho chúng tôi nghe bản nhạc mới nhất của mình trên đàn piano.,,
900,Đồng nghĩa,,"Nach der Pause haben wir die Arbeit ""fortgesetzt"". — Từ nào đồng nghĩa với từ trong ngoặc kép?",fliehen,weiterführen,präsentieren,entwickeln,weiterführen,fortsetzen,setzte fort,tiếp tục,"Sau giờ nghỉ, chúng tôi đã tiếp tục công việc.",,
901,Đồng nghĩa,,"Er ist auf dem Land ""aufgewachsen"". — Từ nào đồng nghĩa với từ trong ngoặc kép?",wirken,groß werden,riskieren,rezitieren,groß werden,aufwachsen,wuchs auf,lớn lên,Anh ấy đã lớn lên ở vùng nông thôn.,,
902,Đồng nghĩa,,"Die Tür ist von selbst ""zugegangen"". — Từ nào đồng nghĩa với từ trong ngoặc kép?",ausschalten,überprüfen,schließen,neu formulieren,schließen,zugehen,ging zu,đóng lại (tự động),Cánh cửa tự đóng lại.,,
903,Đồng nghĩa,,"Wir haben uns in der fremden Stadt ""verfahren"". — Từ nào đồng nghĩa với từ trong ngoặc kép?",abreisen,losgehen,retournieren,sich verirren,sich verirren,verfahren,verfuhr,đi lạc đường,Chúng tôi đã bị lạc đường ở thành phố xa lạ.,,
904,Đồng nghĩa,,"Plötzlich ist ein technisches Problem ""eingetreten"". — Từ nào đồng nghĩa với từ trong ngoặc kép?",belauschen,fallen lassen,verbinden,hineingehen,hineingehen,eintreten,trat ein,bước vào; xảy ra,Đột nhiên một sự cố kỹ thuật đã xảy ra.,,
905,Đồng nghĩa,,"Der Zettel wurde ans Brett ""angeschlagen"". — Từ nào đồng nghĩa với từ trong ngoặc kép?",einsammeln,sich ausruhen,einrücken,befestigen,befestigen,anschlagen,schlug an,dán thông báo; va vào,Tờ giấy đã được dán lên bảng thông báo.,,
906,Đồng nghĩa,,"Er hat sich in der Diskussion ruhig ""verhalten"". — Từ nào đồng nghĩa với từ trong ngoặc kép?",nicht bemerken,äußern,sich benehmen,errichten,sich benehmen,verhalten,verhielt,cư xử,Anh ấy đã cư xử điềm tĩnh trong cuộc tranh luận.,,
907,Đồng nghĩa,,"Er hat sich in der Prüfung merkwürdig ""benommen"". — Từ nào đồng nghĩa với từ trong ngoặc kép?",starten,sich verhalten,abrücken,beschützen,sich verhalten,benehmen,benahm,cư xử,Anh ấy đã cư xử kỳ lạ trong kỳ thi.,,
908,Trái nghĩa,,"Der Komiker hat das Publikum gut ""unterhalten"". — Từ nào trái nghĩa với từ trong ngoặc kép?",angekommen (đến nơi),gelangweilt (làm cho chán),getrennt (tách rời),fortgesetzt (tiếp tục),gelangweilt (làm cho chán),unterhalten,unterhielt,giải trí; trò chuyện,Diễn viên hài đã làm khán giả rất vui.,,
909,Trái nghĩa,,"Wir sind an der nächsten Station ""ausgestiegen"". — Từ nào trái nghĩa với từ trong ngoặc kép?",eingestiegen (lên xe),verboten (cấm),angenommen (chấp nhận),verschwiegen (giấu kín),eingestiegen (lên xe),aussteigen,stieg aus,xuống xe; rút lui,Chúng tôi đã xuống xe ở trạm tiếp theo.,,
910,Trái nghĩa,,"Ich habe mein Handy beim Kundendienst ""abgegeben"". — Từ nào trái nghĩa với từ trong ngoặc kép?",abgeholt (lấy về),angenommen (chấp nhận),eingeschaltet (bật),verlassen (rời khỏi),abgeholt (lấy về),abgeben,gab ab,nộp lại; giao,Tôi đã nộp điện thoại tại trung tâm bảo hành.,,
911,Trái nghĩa,,"Sie hat ihre Meinung klar ""ausgesprochen"". — Từ nào trái nghĩa với từ trong ngoặc kép?",abgestellt (tắt),aufgerichtet (dựng lại),zugeschlagen (đóng lại),verschwiegen (giấu kín),verschwiegen (giấu kín),aussprechen,sprach aus,phát âm; bày tỏ,Cô ấy đã bày tỏ quan điểm của mình rõ ràng.,,
912,Trái nghĩa,,"Der Minister ist wegen des Skandals ""zurückgetreten"". — Từ nào trái nghĩa với từ trong ngoặc kép?",gedehnt (giãn ra),abgenommen (giảm cân),angetreten (nhậm chức),zurückgeblieben (ở lại),angetreten (nhậm chức),zurücktreten,trat zurück,từ chức; lùi lại,Bộ trưởng đã từ chức vì vụ bê bối.,,
913,Trái nghĩa,,"Der Zug ist schon ""abgefahren"". — Từ nào trái nghĩa với từ trong ngoặc kép?",ausgezogen (cởi đồ),angekommen (đến nơi),ausgeatmet (thở ra),entlassen (sa thải),angekommen (đến nơi),abfahren,fuhr ab,khởi hành,Tàu đã khởi hành rồi.,,
914,Trái nghĩa,,"Er hat bei dem Streit einfach ""weggeschaut"". — Từ nào trái nghĩa với từ trong ngoặc kép?",stehengeblieben (dừng lại),aufgedeckt (mở ra),hingeschaut (nhìn thẳng vào),getrennt (ngắt kết nối),hingeschaut (nhìn thẳng vào),wegschauen,schaute weg,quay đi không nhìn,Anh ấy chỉ đơn giản là quay đi khi có cuộc cãi vã.,,
915,Trái nghĩa,,"Nach der Krankheit hat er sich gut ""erholt"". — Từ nào trái nghĩa với từ trong ngoặc kép?",untergegangen (lặn - mặt trời),abgebaut (tháo dỡ),aufgegeben (từ bỏ),verschlechtert (trở nên tệ hơn),verschlechtert (trở nên tệ hơn),erholen,erholte,"nghỉ ngơi, hồi phục","Sau khi ốm, anh ấy đã hồi phục tốt.",,
916,Trái nghĩa,,"Nach dem Unfall ist sie langsam wieder ""erwacht"". — Từ nào trái nghĩa với từ trong ngoặc kép?",mitgemacht (tham gia),zugenommen (tăng cân),eingehalten (tuân thủ),eingeschlafen (ngủ thiếp đi),eingeschlafen (ngủ thiếp đi),erwachen,erwachte,thức tỉnh (trang trọng),"Sau vụ tai nạn, cô ấy đã từ từ tỉnh lại.",,
917,Trái nghĩa,,"Der Unterricht ist heute wegen Krankheit ""ausgefallen"". — Từ nào trái nghĩa với từ trong ngoặc kép?",angekommen (đến nơi),eingeschlafen (chìm vào giấc ngủ),gelobt (khen ngợi),stattgefunden (diễn ra),stattgefunden (diễn ra),ausfallen,fiel aus,bị hủy; rụng,Hôm nay buổi học đã bị hủy vì lý do ốm đau.,,
918,Trái nghĩa,,"Der Zug ist pünktlich in den Bahnhof ""eingefahren"". — Từ nào trái nghĩa với từ trong ngoặc kép?",eingeschlafen (chìm vào giấc ngủ),aufgestiegen (thăng hạng),ausgefahren (chạy ra),aufgegeben (từ bỏ),ausgefahren (chạy ra),einfahren,fuhr ein,tiến vào (ga),Tàu đã vào ga đúng giờ.,,
919,Trái nghĩa,,"Er hat das Fenster ""aufgemacht"". — Từ nào trái nghĩa với từ trong ngoặc kép?",gekündigt (từ chức),getrennt (tách rời),getrennt (ngắt kết nối),zugemacht (đóng),zugemacht (đóng),aufmachen,machte auf,mở ra,Anh ấy đã mở cửa sổ.,,
920,Trái nghĩa,,"Der Hund wurde vor dem Laden ""angebunden"". — Từ nào trái nghĩa với từ trong ngoặc kép?",untergegangen (lặn - mặt trời),eingeschlafen (chìm vào giấc ngủ),aufgerichtet (dựng lại),losgebunden (tháo dây),losgebunden (tháo dây),anbinden,band an,buộc vào,Con chó đã được buộc trước cửa hàng.,,
921,Trái nghĩa,,"Er ist bei einer großen Firma ""angestellt"". — Từ nào trái nghĩa với từ trong ngoặc kép?",entlassen (sa thải),behalten (giữ lại),losgelassen (buông ra),ausgezogen (cởi đồ),entlassen (sa thải),anstellen,stellte an,thuê nhân viên; bật máy,Anh ấy được tuyển dụng ở một công ty lớn.,,
922,Trái nghĩa,,"Die Kinder haben dem Spiel begeistert ""zugeschaut"". — Từ nào trái nghĩa với từ trong ngoặc kép?",zerstreut (giải tán),verlassen (rời khỏi),gefördert (thúc đẩy/ủng hộ),mitgemacht (tham gia),mitgemacht (tham gia),zuschauen,schaute zu,"xem, quan sát",Bọn trẻ đã hào hứng theo dõi trận đấu.,,
923,Trái nghĩa,,"Der Fotograf hat den Moment ""festgehalten"". — Từ nào trái nghĩa với từ trong ngoặc kép?",geöffnet (mở),losgelassen (buông ra),gebrochen (vi phạm),aufgehoben (giữ lại),losgelassen (buông ra),festhalten,hielt fest,giữ chặt; ghi lại,Nhiếp ảnh gia đã ghi lại khoảnh khắc đó.,,
924,Trái nghĩa,,"Wir haben das Treffen um eine Woche ""zurückgestellt"". — Từ nào trái nghĩa với từ trong ngoặc kép?",eingeschlafen (chìm vào giấc ngủ),gekauft (mua),versteckt (giấu đi),vorgezogen (đẩy sớm lên),vorgezogen (đẩy sớm lên),zurückstellen,stellte zurück,hoãn lại; đặt lại chỗ cũ,Chúng tôi đã hoãn buổi gặp mặt lại một tuần.,,
925,Trái nghĩa,,"Er hat seine Meinung am Ende ""durchgesetzt"". — Từ nào trái nghĩa với từ trong ngoặc kép?",ausgepackt (mở gói),nachgegeben (nhượng bộ),abgeholt (đón),ausgeschlossen (loại trừ),nachgegeben (nhượng bộ),durchsetzen,setzte durch,thực thi; đạt được,Cuối cùng anh ấy đã bảo vệ được quan điểm của mình.,,
926,Trái nghĩa,,"Der Lehrer hat den Fehler leider ""übersehen"". — Từ nào trái nghĩa với từ trong ngoặc kép?",bemerkt (nhận ra),weggelaufen (chạy đi),entlassen (sa thải),gedehnt (giãn ra),bemerkt (nhận ra),übersehen,übersah,bỏ sót,Tiếc là thầy giáo đã bỏ sót lỗi đó.,,
927,Trái nghĩa,,"Der Hund wurde endlich ""losgelassen"". — Từ nào trái nghĩa với từ trong ngoặc kép?",eingefahren (vào ga),angefangen (bắt đầu),festgehalten (giữ chặt),gegeben (cho),festgehalten (giữ chặt),loslassen,ließ los,buông ra,Cuối cùng con chó đã được thả ra.,,
928,Trái nghĩa,,"Ich habe den Vertrag genau ""durchgelesen"". — Từ nào trái nghĩa với từ trong ngoặc kép?",fortgesetzt (tiếp tục),überflogen (đọc lướt),entlassen (sa thải),ausgeschaltet (tắt),überflogen (đọc lướt),durchlesen,las durch,"đọc kỹ, đọc hết",Tôi đã đọc kỹ toàn bộ hợp đồng.,,
929,Trái nghĩa,,"Meine Eltern sind über Ostern ""verreist"". — Từ nào trái nghĩa với từ trong ngoặc kép?",bestehen geblieben (vẫn tồn tại),abgewendet (quay lưng đi),geblieben (ở lại),zu Hause geblieben (ở nhà),zu Hause geblieben (ở nhà),verreisen,verreiste,đi du lịch xa,Bố mẹ tôi đã đi du lịch xa vào dịp lễ Phục sinh.,,
930,Trái nghĩa,,"Sie hat ihren Plan schließlich ""aufgegeben"". — Từ nào trái nghĩa với từ trong ngoặc kép?",ausgeleert (đổ ra hết),gegeben (cho),vorgezogen (đẩy sớm lên),weitergemacht (tiếp tục),weitergemacht (tiếp tục),aufgeben,gab auf,từ bỏ; gửi thư,Cuối cùng cô ấy đã từ bỏ kế hoạch của mình.,,
931,Trái nghĩa,,"Wir haben bei dem Spiel alle ""mitgemacht"". — Từ nào trái nghĩa với từ trong ngoặc kép?",eingegriffen (can thiệp),weitergefahren (tiếp tục đi),ferngeblieben (đứng ngoài),abgebaut (tháo dỡ),ferngeblieben (đứng ngoài),mitmachen,machte mit,tham gia,Tất cả chúng tôi đều đã tham gia trò chơi đó.,,
932,Trái nghĩa,,"Wir sind gestern Abend ""ausgegangen"", um zu feiern. — Từ nào trái nghĩa với từ trong ngoặc kép?",aufgegeben (từ bỏ),zu Hause geblieben (ở nhà),gefehlt (thiếu),durchgesetzt (kiên quyết),zu Hause geblieben (ở nhà),ausgehen,ging aus,đi chơi; kết thúc ra sao,Tối qua chúng tôi đã đi chơi để ăn mừng.,,
933,Trái nghĩa,,"Meine Schwester ist zum Konzert ""mitgekommen"". — Từ nào trái nghĩa với từ trong ngoặc kép?",aufgedeckt (mở ra),zurückgeblieben (ở lại),bemerkt (nhận ra),verschwunden (biến mất),zurückgeblieben (ở lại),mitkommen,kam mit,đi cùng,Em gái tôi đã đi cùng đến buổi hòa nhạc.,,
934,Trái nghĩa,,"Ich habe ein neues Restaurant ""vorgeschlagen"". — Từ nào trái nghĩa với từ trong ngoặc kép?",verlassen (rời khỏi),bemerkt (nhận ra),mitgemacht (tham gia),abgelehnt (từ chối),abgelehnt (từ chối),vorschlagen,schlug vor,đề xuất,Tôi đã đề xuất một nhà hàng mới.,,
935,Trái nghĩa,,"Er hat den Vorsprung wieder ""eingeholt"". — Từ nào trái nghĩa với từ trong ngoặc kép?",zurückgeblieben (ở lại),geblieben (ở lại),getrennt (ngắt kết nối),zurückgefallen (tụt lại),zurückgefallen (tụt lại),einholen,holte ein,bắt kịp; xin (phép),Anh ấy đã bắt kịp lại khoảng cách dẫn trước.,,
936,Trái nghĩa,,"Die Mutter hat das Kind im Bett ""zugedeckt"". — Từ nào trái nghĩa với từ trong ngoặc kép?",aufgedeckt (mở ra),missverstanden (hiểu lầm),ausgemacht (tắt),abgestellt (tắt máy),aufgedeckt (mở ra),zudecken,deckte zu,đắp (chăn),Người mẹ đã đắp chăn cho đứa trẻ trên giường.,,
937,Trái nghĩa,,"Sie hat ihre Gefühle klar ""ausgedrückt"". — Từ nào trái nghĩa với từ trong ngoặc kép?",verschlechtert (trở nên tệ hơn),eingefahren (vào ga),verborgen (che giấu),unbemerkt geblieben (không bị chú ý),verborgen (che giấu),ausdrücken,drückte aus,"diễn đạt, bày tỏ",Cô ấy đã bày tỏ cảm xúc của mình một cách rõ ràng.,,
938,Trái nghĩa,,"Alle Mitarbeiter haben sich im Konferenzraum ""versammelt"". — Từ nào trái nghĩa với từ trong ngoặc kép?",abgebaut (thu hẹp),zerstreut (giải tán),durchgefallen (thi trượt),verkauft (bán),zerstreut (giải tán),versammeln,versammelte,tập hợp lại,Tất cả nhân viên đã tập trung tại phòng họp.,,
939,Trái nghĩa,,"Er hat das Licht im Flur ""angemacht"". — Từ nào trái nghĩa với từ trong ngoặc kép?",eingeschlafen (chìm vào giấc ngủ),aufgegeben (từ bỏ),zugeschaut (đứng xem),ausgemacht (tắt),ausgemacht (tắt),anmachen,machte an,bật (đèn); (khẩu ngữ) tán tỉnh,Anh ấy đã bật đèn ở hành lang.,,
940,Trái nghĩa,,"Er hat sich in der Stadt sehr gut ""ausgekannt"". — Từ nào trái nghĩa với từ trong ngoặc kép?",ausgezogen (chuyển ra),nicht ausgekannt (không rành),abgestellt (tắt),durchgefallen (thi trượt),nicht ausgekannt (không rành),auskennen,kannte aus,"rành, thông thạo về",Anh ấy rất rành thành phố này.,,
941,Trái nghĩa,,"Er hat seine Schuhe vor der Tür ""ausgezogen"". — Từ nào trái nghĩa với từ trong ngoặc kép?",untergegangen (lặn - mặt trời),nicht ausgekannt (không rành),angezogen (mặc đồ),abgesagt (từ chối/hủy),angezogen (mặc đồ),ausziehen,zog aus,cởi đồ; chuyển ra khỏi nhà,Anh ấy đã cởi giày trước cửa.,,
942,Trái nghĩa,,"Er hat tief die frische Luft ""eingeatmet"". — Từ nào trái nghĩa với từ trong ngoặc kép?",ausgeatmet (thở ra),abgestellt (tắt),gegeben (cho),verborgen (che giấu),ausgeatmet (thở ra),einatmen,atmete ein,hít vào,Anh ấy đã hít thở sâu bầu không khí trong lành.,,
943,Trái nghĩa,,"Ein Fehler kann nie ganz ""ausgeschlossen"" werden. — Từ nào trái nghĩa với từ trong ngoặc kép?",angebunden (buộc vào),abgeholt (lấy về),ferngeblieben (vắng mặt),eingeschlossen (bao gồm),eingeschlossen (bao gồm),ausschließen,schloss aus,loại trừ,Sai sót không bao giờ có thể bị loại trừ hoàn toàn.,,
944,Trái nghĩa,,"Der Experte hat die Risiken deutlich ""aufgezeigt"". — Từ nào trái nghĩa với từ trong ngoặc kép?",missverstanden (hiểu lầm),zugeschlagen (đóng lại),verborgen (che giấu),angenommen (chấp nhận),verborgen (che giấu),aufzeigen,zeigte auf,"chỉ ra, nêu rõ",Chuyên gia đã chỉ rõ những rủi ro.,,
945,Trái nghĩa,,"Das Pferd hat plötzlich ""ausgeschlagen"". — Từ nào trái nghĩa với từ trong ngoặc kép?",angenommen (chấp nhận),aufgegangen (mở ra),aufgegeben (từ bỏ),gekündigt (từ chức),angenommen (chấp nhận),ausschlagen,schlug aus,từ chối; đá (ngựa),Con ngựa bỗng nhiên đá hậu.,,
946,Trái nghĩa,,"Die Katze ist vor Angst ""weggelaufen"". — Từ nào trái nghĩa với từ trong ngoặc kép?",wachsen gelassen (để mọc dài ra),abgestellt (tắt),ausgeatmet (thở ra),geblieben (ở lại),geblieben (ở lại),weglaufen,lief weg,chạy trốn,Con mèo đã chạy trốn vì sợ hãi.,,
947,Trái nghĩa,,"Alle Mitarbeiter wurden in das Projekt ""eingebunden"". — Từ nào trái nghĩa với từ trong ngoặc kép?",weitergefahren (tiếp tục đi),ausgeschlossen (loại trừ),missverstanden (hiểu lầm),abgewendet (quay lưng đi),ausgeschlossen (loại trừ),einbinden,band ein,tích hợp vào,Tất cả nhân viên đã được đưa vào dự án.,,
948,Trái nghĩa,,"Er hat leider seinen Zug ""verpasst"". — Từ nào trái nghĩa với từ trong ngoặc kép?",abgestellt (tắt máy),geblieben (ở lại),ausgemacht (tắt),erreicht (bắt kịp/đạt được),erreicht (bắt kịp/đạt được),verpassen,verpasste,bỏ lỡ,Tiếc là anh ấy đã lỡ chuyến tàu.,,
949,Trái nghĩa,,"Der Plan wurde am Ende komplett ""verworfen"". — Từ nào trái nghĩa với từ trong ngoặc kép?",angenommen (chấp nhận),verkannt (đánh giá sai),abgestellt (tắt máy),abgebaut (tháo dỡ),angenommen (chấp nhận),verwerfen,verwarf,bác bỏ,Kế hoạch cuối cùng đã bị bác bỏ hoàn toàn.,,
950,Trái nghĩa,,"Ich habe das Passwort falsch ""eingegeben"". — Từ nào trái nghĩa với từ trong ngoặc kép?",beigetreten (gia nhập),entlassen (sa thải),versteckt (giấu đi),gelöscht (xóa),gelöscht (xóa),eingeben,gab ein,nhập dữ liệu,Tôi đã nhập sai mật khẩu.,,
951,Trái nghĩa,,"Ich habe seinen Vorschlag gern ""angenommen"". — Từ nào trái nghĩa với từ trong ngoặc kép?",abgelehnt (từ chối),überlegen (vượt trội/thắng),abgestellt (tắt máy),eingepackt (đóng gói),abgelehnt (từ chối),annehmen,nahm an,chấp nhận; cho rằng,Tôi đã vui vẻ chấp nhận đề nghị của anh ấy.,,
952,Trái nghĩa,,"Sie hat ihre Teilnahme schon ""zugesagt"". — Từ nào trái nghĩa với từ trong ngoặc kép?",verschwiegen (giấu kín),freigemacht (bỏ trống),abgesagt (từ chối/hủy),ausgestiegen (xuống xe),abgesagt (từ chối/hủy),zusagen,sagte zu,"đồng ý, nhận lời",Cô ấy đã đồng ý tham gia rồi.,,
953,Trái nghĩa,,"Man hat ihm Unehrlichkeit ""vorgeworfen"". — Từ nào trái nghĩa với từ trong ngoặc kép?",gelobt (khen ngợi),eingepackt (đóng gói),minderjährig (vị thành niên),angezogen (mặc đồ),gelobt (khen ngợi),vorwerfen,warf vor,buộc tội; trách móc,Người ta đã buộc tội anh ấy không trung thực.,,
954,Trái nghĩa,,"Der Drucker wurde an den Computer ""angeschlossen"". — Từ nào trái nghĩa với từ trong ngoặc kép?",abgestellt (tắt),abgelehnt (từ chối),verborgen (che giấu),getrennt (ngắt kết nối),getrennt (ngắt kết nối),anschließen,schloss an,kết nối,Máy in đã được kết nối với máy tính.,,
955,Trái nghĩa,,"Die Sonne ist heute um sechs Uhr ""aufgegangen"". — Từ nào trái nghĩa với từ trong ngoặc kép?",weitergemacht (tiếp tục),storniert (hủy đặt hàng),untergegangen (lặn - mặt trời),abgenommen (tháo ra),untergegangen (lặn - mặt trời),aufgehen,ging auf,mọc (mặt trời),Hôm nay mặt trời đã mọc lúc sáu giờ.,,
956,Trái nghĩa,,"Sie hat Wasser in die Flasche ""eingefüllt"". — Từ nào trái nghĩa với từ trong ngoặc kép?",verschlechtert (trở nên tệ hơn),stehengeblieben (dừng lại),eingepackt (đóng gói),ausgeleert (đổ ra hết),ausgeleert (đổ ra hết),einfüllen,füllte ein,"đổ vào, rót vào",Cô ấy đã rót nước vào chai.,,
957,Trái nghĩa,,"Diese Regel ist inzwischen ""weggefallen"". — Từ nào trái nghĩa với từ trong ngoặc kép?",bestehen geblieben (vẫn tồn tại),bemerkt (nhận ra),aufgebaut (xây dựng),abgestiegen (đi xuống/xuống hạng),bestehen geblieben (vẫn tồn tại),wegfallen,fiel weg,bị bỏ đi; mất đi,Quy định này giờ đã không còn áp dụng nữa.,,
958,Trái nghĩa,,"Trotz der Probleme haben wir ""weitergemacht"". — Từ nào trái nghĩa với từ trong ngoặc kép?",gespart (tiết kiệm),losgelassen (buông ra),aufgehört (dừng lại),verursacht (gây ra),aufgehört (dừng lại),weitermachen,machte weiter,tiếp tục làm,"Bất chấp khó khăn, chúng tôi vẫn tiếp tục.",,
959,Trái nghĩa,,"Wir haben alle am Wettbewerb ""teilgenommen"". — Từ nào trái nghĩa với từ trong ngoặc kép?",aufgegeben (từ bỏ),abgebaut (tháo dỡ),gekauft (mua),ferngeblieben (vắng mặt),ferngeblieben (vắng mặt),teilnehmen,nahm teil,tham gia,Tất cả chúng tôi đã tham gia cuộc thi.,,
960,Trái nghĩa,,"Die Mutter hat schließlich ""nachgegeben"" und ihm erlaubt, auszugehen. — Từ nào trái nghĩa với từ trong ngoặc kép?",durchgesetzt (kiên quyết),fortgesetzt (tiếp tục),zusammengefügt (ghép lại),wachsen gelassen (để mọc dài ra),durchgesetzt (kiên quyết),nachgeben,gab nach,nhượng bộ,Cuối cùng người mẹ đã nhượng bộ và cho phép cậu bé ra ngoài.,,
961,Trái nghĩa,,"Das Dachgeschoss wurde zu einer Wohnung ""ausgebaut"". — Từ nào trái nghĩa với từ trong ngoặc kép?",verborgen (che giấu),verkannt (đánh giá sai),ignoriert (phớt lờ),abgebaut (thu hẹp),abgebaut (thu hẹp),ausbauen,baute aus,mở rộng; tháo ra,Tầng áp mái đã được cải tạo thành căn hộ.,,
962,Trái nghĩa,,"Sie hat ihre Brille ""aufgesetzt"" und angefangen zu lesen. — Từ nào trái nghĩa với từ trong ngoặc kép?",abgenommen (tháo ra),gelangweilt (làm cho chán),eingefahren (vào ga),gelöscht (xóa),abgenommen (tháo ra),aufsetzen,setzte auf,đội (mũ); soạn văn bản,Cô ấy đã đeo kính lên và bắt đầu đọc.,,
963,Trái nghĩa,,"Die Mutter hat das Baby warm ""angekleidet"". — Từ nào trái nghĩa với từ trong ngoặc kép?",aufgegeben (từ bỏ),gebrochen (vi phạm),ausgezogen (cởi đồ),zerstreut (giải tán),ausgezogen (cởi đồ),ankleiden,kleidete an,mặc quần áo (trang trọng),Người mẹ đã mặc ấm cho em bé.,,
964,Trái nghĩa,,"Das Fleisch wurde in kleine Stücke ""zerteilt"". — Từ nào trái nghĩa với từ trong ngoặc kép?",zurückgefallen (tụt lại),zusammengefügt (ghép lại),zurückgelassen (để lại),hingeschaut (nhìn thẳng vào),zusammengefügt (ghép lại),zerteilen,zerteilte,"chia nhỏ, cắt vụn",Thịt đã được cắt thành từng miếng nhỏ.,,
965,Trái nghĩa,,"Die Firma hat drei neue Mitarbeiter ""eingestellt"". — Từ nào trái nghĩa với từ trong ngoặc kép?",zurückgeblieben (ở lại),angebunden (buộc vào),gestritten (cãi nhau),entlassen (sa thải),entlassen (sa thải),einstellen,stellte ein,tuyển dụng; cài đặt,Công ty đã tuyển ba nhân viên mới.,,
966,Trái nghĩa,,"Der Verdächtige hat sich schließlich ""bekannt"". — Từ nào trái nghĩa với từ trong ngoặc kép?",geleugnet (chối bỏ),gestritten (cãi nhau),angezogen (mặc đồ),weitergemacht (tiếp tục),geleugnet (chối bỏ),bekennen,bekannte,thú nhận,Cuối cùng nghi phạm đã thú nhận.,,
967,Trái nghĩa,,"Die Kinder haben ein Zelt im Garten ""aufgestellt"". — Từ nào trái nghĩa với từ trong ngoặc kép?",angedreht (mở vòi),abgebaut (tháo dỡ),aufgemacht (mở),gedehnt (giãn ra),abgebaut (tháo dỡ),aufstellen,stellte auf,dựng lên; lập kế hoạch,Bọn trẻ đã dựng một cái lều trong vườn.,,
968,Trái nghĩa,,"Ich habe diese Frage in der Prüfung ""ausgelassen"". — Từ nào trái nghĩa với từ trong ngoặc kép?",ausgeschlossen (loại trừ),einbezogen (bao gồm vào),weggegeben (cho đi),ausgezogen (cởi đồ),einbezogen (bao gồm vào),auslassen,ließ aus,bỏ qua,Tôi đã bỏ qua câu hỏi đó trong bài thi.,,
969,Trái nghĩa,,"Sie hat sich ihrem Freund voller Sorge ""zugewendet"". — Từ nào trái nghĩa với từ trong ngoặc kép?",abgelehnt (từ chối),eingeschlossen (bao gồm),abgewendet (quay lưng đi),gesammelt (thu gom),abgewendet (quay lưng đi),sich zuwenden,wendete zu,"hướng về, quan tâm đến",Cô ấy đã hướng về bạn trai mình với đầy lo lắng.,,
970,Trái nghĩa,,"Der Zug ist pünktlich ""angekommen"". — Từ nào trái nghĩa với từ trong ngoặc kép?",behalten (giữ lại),freigemacht (bỏ trống),getrennt (tách rời),abgefahren (khởi hành),abgefahren (khởi hành),ankommen,kam an,đến nơi,Tàu đã đến đúng giờ.,,
971,Trái nghĩa,,"Ich habe die Tür fest ""zugemacht"". — Từ nào trái nghĩa với từ trong ngoặc kép?",ausgeschlossen (loại trừ),geleugnet (chối bỏ),aufgemacht (mở),aufgedeckt (mở ra),aufgemacht (mở),zumachen,machte zu,đóng lại,Tôi đã đóng chặt cửa lại.,,
972,Trái nghĩa,,"Er hat den Wasserhahn am Ende wieder ""abgedreht"". — Từ nào trái nghĩa với từ trong ngoặc kép?",behalten (giữ lại),abgeholt (đón),angedreht (mở vòi),verschlechtert (trở nên tệ hơn),angedreht (mở vòi),abdrehen,drehte ab,vặn tắt; đổi hướng,Cuối cùng anh ấy đã vặn tắt vòi nước lại.,,
973,Trái nghĩa,,"Wir haben dem Spiel gespannt ""zugesehen"". — Từ nào trái nghĩa với từ trong ngoặc kép?",eingegriffen (can thiệp),geblieben (ở lại),abgeschafft (bãi bỏ),zugemacht (đóng),eingegriffen (can thiệp),zusehen,sah zu,"xem, chứng kiến",Chúng tôi đã hồi hộp theo dõi trận đấu.,,
974,Trái nghĩa,,"Der Dieb hat ihr die Tasche ""weggenommen"". — Từ nào trái nghĩa với từ trong ngoặc kép?",abgenommen (giảm cân),überflogen (đọc lướt),abgenommen (tháo ra),gegeben (cho),gegeben (cho),wegnehmen,nahm weg,lấy đi,Tên trộm đã giật lấy túi xách của cô ấy.,,
975,Trái nghĩa,,"Ich habe gestern ein Paket ""bekommen"". — Từ nào trái nghĩa với từ trong ngoặc kép?",durchgesetzt (kiên quyết),gegeben (cho),gefehlt (thiếu),geblieben (ở lại),gegeben (cho),bekommen,bekam,nhận được,Hôm qua tôi đã nhận được một gói hàng.,,
976,Trái nghĩa,,"Ich habe im Winter leider etwas ""zugenommen"". — Từ nào trái nghĩa với từ trong ngoặc kép?",abgenommen (giảm cân),ausgebaut (tháo ra),abgeschafft (bãi bỏ),ausgepackt (mở gói),abgenommen (giảm cân),zunehmen,nahm zu,tăng cân/tăng lên,Tiếc là tôi đã tăng cân một chút vào mùa đông.,,
977,Trái nghĩa,,"Er hat die Gruppe bis zum Ziel ""angeführt"". — Từ nào trái nghĩa với từ trong ngoặc kép?",gefolgt (đi theo),angenommen (chấp nhận),zusammengefügt (ghép lại),zu Hause geblieben (ở nhà),gefolgt (đi theo),anführen,führte an,dẫn đầu; trích dẫn,Anh ấy đã dẫn dắt nhóm đến đích.,,
978,Trái nghĩa,,"Sie hat ihre neue Stelle letzten Monat ""angetreten"". — Từ nào trái nghĩa với từ trong ngoặc kép?",aufgerichtet (dựng lại),aufgegeben (từ bỏ),gekündigt (từ chức),geblieben (ở lại),gekündigt (từ chức),antreten,trat an,bắt đầu công việc; xếp hàng,Tháng trước cô ấy đã bắt đầu công việc mới.,,
979,Trái nghĩa,,"Er hat das Licht vor dem Schlafen ""ausgeschaltet"". — Từ nào trái nghĩa với từ trong ngoặc kép?",eingeschaltet (bật),losgelassen (buông ra),abgeholt (đón),vergangen (mất đi/trôi qua),eingeschaltet (bật),ausschalten,schaltete aus,tắt (thiết bị),Anh ấy đã tắt đèn trước khi ngủ.,,
980,Trái nghĩa,,"Er hat den Motor im Winter sofort ""angelassen"". — Từ nào trái nghĩa với từ trong ngoặc kép?",fortgesetzt (tiếp tục),abgestellt (tắt),eingeschlafen (chìm vào giấc ngủ),geblieben (ở lại),abgestellt (tắt),anlassen,ließ an,để máy chạy; khởi động,Vào mùa đông anh ấy đã khởi động động cơ ngay lập tức.,,
981,Trái nghĩa,,"Sie sind früh am Morgen ""weggefahren"". — Từ nào trái nghĩa với từ trong ngoặc kép?",unterlassen (không làm/kiềm chế),geblieben (ở lại),weggegangen (đi mất),eingeschlafen (ngủ thiếp đi),geblieben (ở lại),wegfahren,fuhr weg,lái xe đi,Họ đã lái xe đi từ sáng sớm.,,
982,Trái nghĩa,,"Der Techniker hat die Maschine wieder ""angeworfen"". — Từ nào trái nghĩa với từ trong ngoặc kép?",ausgezogen (cởi đồ),abgeholt (đón),angefangen (bắt đầu),abgestellt (tắt máy),abgestellt (tắt máy),anwerfen,warf an,khởi động máy,Kỹ thuật viên đã khởi động lại cỗ máy.,,
983,Trái nghĩa,,"Ich bin schnell in den Bus ""eingestiegen"". — Từ nào trái nghĩa với từ trong ngoặc kép?",eingestiegen (lên xe),eingepackt (đóng gói),ausgestiegen (xuống xe),abgelehnt (từ chối),ausgestiegen (xuống xe),einsteigen,stieg ein,lên xe,Tôi đã nhanh chóng lên xe buýt.,,
984,Trái nghĩa,,"Ich habe mein Fahrrad vor dem Haus ""abgestellt"". — Từ nào trái nghĩa với từ trong ngoặc kép?",verschwiegen (giấu kín),angeschaltet (bật),angenommen (chấp nhận),versteckt (giấu đi),angeschaltet (bật),abstellen,stellte ab,tắt; đỗ xe,Tôi đã để xe đạp trước nhà.,,
985,Trái nghĩa,,"Diese Regel wurde vor zwei Jahren ""eingeführt"". — Từ nào trái nghĩa với từ trong ngoặc kép?",ignoriert (phớt lờ),zugeschlagen (đóng lại),untergegangen (lặn - mặt trời),abgeschafft (bãi bỏ),abgeschafft (bãi bỏ),einführen,führte ein,giới thiệu; nhập khẩu,Quy định này đã được ban hành hai năm trước.,,
986,Trái nghĩa,,"Er hat mir die schlechte Nachricht sofort ""mitgeteilt"". — Từ nào trái nghĩa với từ trong ngoặc kép?",verschwiegen (giấu kín),mitgemacht (tham gia),ausgezogen (cởi đồ),zu Hause geblieben (ở nhà),verschwiegen (giấu kín),mitteilen,teilte mit,thông báo,Anh ấy đã báo ngay cho tôi tin xấu đó.,,
987,Trái nghĩa,,"Das Paket wurde schnell ""losgebunden"". — Từ nào trái nghĩa với từ trong ngoặc kép?",minderjährig (vị thành niên),fortgesetzt (tiếp tục),abgedreht (tắt vòi),angebunden (buộc vào),angebunden (buộc vào),losbinden,band los,"cởi trói, tháo dây",Gói hàng đã nhanh chóng được tháo dây.,,
988,Trái nghĩa,,"Nach dem Unfall ist ein großer Stau ""entstanden"". — Từ nào trái nghĩa với từ trong ngoặc kép?",entlassen (sa thải),vergangen (mất đi/trôi qua),zu Hause geblieben (ở nhà),verkannt (đánh giá sai),vergangen (mất đi/trôi qua),entstehen,entstand,"hình thành, nảy sinh","Sau vụ tai nạn, một vụ kẹt xe lớn đã hình thành.",,
989,Trái nghĩa,,"Sie hat das Buch auf Seite zehn ""aufgeschlagen"". — Từ nào trái nghĩa với từ trong ngoặc kép?",zugeschlagen (đóng lại),unterlassen (không làm/kiềm chế),ausgeschlossen (loại trừ),geblieben (ở lại),zugeschlagen (đóng lại),aufschlagen,schlug auf,đập vỡ trứng; mở sách; tăng giá,Cô ấy đã mở sách ra ở trang mười.,,
990,Trái nghĩa,,"Der Täter hat einen schweren Fehler ""begangen"". — Từ nào trái nghĩa với từ trong ngoặc kép?",mitgemacht (tham gia),unterlassen (không làm/kiềm chế),ausgezogen (cởi đồ),losgebunden (tháo dây),unterlassen (không làm/kiềm chế),begehen,beging,"phạm (tội), tổ chức lễ",Thủ phạm đã phạm một sai lầm nghiêm trọng.,,
991,Trái nghĩa,,"Ich bin heute sehr früh ""aufgewacht"". — Từ nào trái nghĩa với từ trong ngoặc kép?",verschwunden (biến mất),verborgen (che giấu),eingeschlossen (bao gồm),eingeschlafen (chìm vào giấc ngủ),eingeschlafen (chìm vào giấc ngủ),aufwachen,wachte auf,tỉnh giấc,Hôm nay tôi đã thức giấc rất sớm.,,
992,Trái nghĩa,,"Ein fremder Hund ist uns einfach ""zugelaufen"". — Từ nào trái nghĩa với từ trong ngoặc kép?",weggelaufen (chạy đi),geblieben (ở lại),aufgestiegen (thăng hạng),eingestiegen (lên xe),weggelaufen (chạy đi),zulaufen,lief zu,chạy đến,Một con chó lạ đã tự chạy đến với chúng tôi.,,
993,Trái nghĩa,,"Ich habe mein Studium letztes Jahr ""abgeschlossen"". — Từ nào trái nghĩa với từ trong ngoặc kép?",festgehalten (giữ chặt),abgesagt (từ chối/hủy),durchgefallen (thi trượt),angefangen (bắt đầu),angefangen (bắt đầu),abschließen,schloss ab,hoàn thành; khóa,Năm ngoái tôi đã hoàn thành việc học đại học.,,
994,Trái nghĩa,,"Sie hat ihre Heimat vor Jahren ""verlassen"". — Từ nào trái nghĩa với từ trong ngoặc kép?",verteilt (phân phát),storniert (hủy đặt hàng),zugesagt (đồng ý),geblieben (ở lại),geblieben (ở lại),verlassen,verließ,rời bỏ,Cô ấy đã rời quê hương từ nhiều năm trước.,,
995,Trái nghĩa,,"Unsere Mannschaft ist im Finale klar ""unterlegen"". — Từ nào trái nghĩa với từ trong ngoặc kép?",bemerkt (nhận ra),aufgerichtet (dựng lại),verborgen (che giấu),überlegen (vượt trội/thắng),überlegen (vượt trội/thắng),unterliegen,unterlag,"thua, chịu thua",Đội của chúng tôi đã thua rõ rệt ở trận chung kết.,,
996,Trái nghĩa,,"Der Skandal wurde von einem Journalisten ""aufgedeckt"". — Từ nào trái nghĩa với từ trong ngoặc kép?",zugenommen (tăng cân),zugeschlagen (đóng lại),gefördert (thúc đẩy/ủng hộ),verborgen (che giấu),verborgen (che giấu),aufdecken,deckte auf,"phanh phui, lật tẩy",Vụ bê bối đã bị một nhà báo phanh phui.,,
997,Trái nghĩa,,"Der Motor ist heute Morgen sofort ""angelaufen"". — Từ nào trái nghĩa với từ trong ngoặc kép?",zusammengefügt (ghép lại),unterlassen (không làm/kiềm chế),stehengeblieben (dừng lại),missverstanden (hiểu lầm),stehengeblieben (dừng lại),anlaufen,lief an,khởi động; chạy đến,Sáng nay động cơ đã khởi động ngay lập tức.,,
998,Trái nghĩa,,"Die Firma hat in zehn Jahren ein großes Netzwerk ""aufgebaut"". — Từ nào trái nghĩa với từ trong ngoặc kép?",eingeatmet (hít vào),unbemerkt geblieben (không bị chú ý),eingeschaltet (bật),abgebaut (tháo dỡ),abgebaut (tháo dỡ),aufbauen,baute auf,xây dựng lên,Công ty đã xây dựng một mạng lưới lớn trong mười năm.,,
999,Trái nghĩa,,"Ich habe meine Tochter von der Schule ""abgeholt"". — Từ nào trái nghĩa với từ trong ngoặc kép?",gebracht (đưa đi),ferngeblieben (vắng mặt),gefehlt (thiếu),geöffnet (mở),gebracht (đưa đi),abholen,holte ab,"đi đón, đi lấy",Tôi đã đón con gái từ trường về.,,
1000,Trái nghĩa,,"Der Wind hat den Zaun ""umgeworfen"". — Từ nào trái nghĩa với từ trong ngoặc kép?",abgelehnt (từ chối),gelöscht (xóa),aufgerichtet (dựng lại),geblieben (ở lại),aufgerichtet (dựng lại),umwerfen,warf um,làm đổ,Gió đã làm đổ hàng rào.,,
1001,Trái nghĩa,,"Die alte Fabrik wurde komplett ""abgebaut"". — Từ nào trái nghĩa với từ trong ngoặc kép?",aufgebaut (xây dựng),verborgen (che giấu),angenommen (chấp nhận),stehengeblieben (dừng lại),aufgebaut (xây dựng),abbauen,baute ab,tháo dỡ; khai thác,Nhà máy cũ đã được tháo dỡ hoàn toàn.,,
1002,Trái nghĩa,,"Ich habe meinen Regenschirm ""mitgenommen"". — Từ nào trái nghĩa với từ trong ngoặc kép?",verboten (cấm),zurückgelassen (để lại),ausgeschlossen (loại trừ),weggegeben (cho đi),zurückgelassen (để lại),mitnehmen,nahm mit,mang theo,Tôi đã mang theo ô của mình.,,
1003,Trái nghĩa,,"Sein Angebot wurde höflich ""abgeschlagen"". — Từ nào trái nghĩa với từ trong ngoặc kép?",angefangen (bắt đầu),ausgezogen (cởi đồ),zugenommen (tăng cân),angenommen (chấp nhận),angenommen (chấp nhận),abschlagen,schlug ab,từ chối; đánh rơi,Đề nghị của anh ấy đã bị từ chối một cách lịch sự.,,
1004,Trái nghĩa,,"Mit achtzehn Jahren gilt man in Deutschland als ""erwachsen"". — Từ nào trái nghĩa với từ trong ngoặc kép?",minderjährig (vị thành niên),abgebaut (tháo dỡ),gegeben (cho),durchgefallen (thi trượt),minderjährig (vị thành niên),erwachsen,erwuchs,trưởng thành (tính từ/động từ),"Ở Đức, tròn mười tám tuổi được coi là trưởng thành.",,
1005,Trái nghĩa,,"Sie ist heute Morgen sehr früh ""aufgestanden"". — Từ nào trái nghĩa với từ trong ngoặc kép?",eingegriffen (can thiệp),zugemacht (đóng),aufgestiegen (thăng hạng),eingeschlafen (chìm vào giấc ngủ),eingeschlafen (chìm vào giấc ngủ),aufstehen,stand auf,"thức dậy, đứng dậy",Sáng nay cô ấy đã thức dậy rất sớm.,,
1006,Trái nghĩa,,"Nach dem Urlaub sind wir spät ""zurückgekommen"". — Từ nào trái nghĩa với từ trong ngoặc kép?",abgefahren (khởi hành),aufgegeben (từ bỏ),abgenommen (tháo ra),weggegangen (đi mất),weggegangen (đi mất),zurückkommen,kam zurück,quay trở lại,"Sau kỳ nghỉ, chúng tôi đã quay về muộn.",,
1007,Trái nghĩa,,"Das Konzert wurde leider ""abgesagt"". — Từ nào trái nghĩa với từ trong ngoặc kép?",abgeholt (đón),zugesagt (đồng ý),eingeatmet (hít vào),storniert (hủy đặt hàng),zugesagt (đồng ý),absagen,sagte ab,hủy bỏ,Tiếc là buổi hòa nhạc đã bị hủy.,,
1008,Trái nghĩa,,"Wir haben uns auf das Risiko ""eingelassen"". — Từ nào trái nghĩa với từ trong ngoặc kép?",ausgepackt (mở gói),abgewendet (quay lưng đi),bestehen geblieben (vẫn tồn tại),abgelehnt (từ chối),abgelehnt (từ chối),einlassen,ließ ein,cho vào; dính líu,Chúng tôi đã chấp nhận mạo hiểm đó.,,
1009,Trái nghĩa,,"Eine neue Klimaanlage wurde ""eingebaut"". — Từ nào trái nghĩa với từ trong ngoặc kép?",eingehalten (tuân thủ),ausgebaut (tháo ra),eingeschlafen (ngủ thiếp đi),geblieben (ở lại),ausgebaut (tháo ra),einbauen,baute ein,lắp đặt vào,Một chiếc điều hòa mới đã được lắp đặt.,,
1010,Trái nghĩa,,"Ich habe ihn sofort ""erkannt"". — Từ nào trái nghĩa với từ trong ngoặc kép?",ausgezogen (cởi đồ),ausgeschaltet (tắt),verkannt (đánh giá sai),angefangen (bắt đầu),verkannt (đánh giá sai),erkennen,erkannte,nhận ra,Tôi đã nhận ra anh ấy ngay lập tức.,,
1011,Trái nghĩa,,"Der Redner wurde von einem Zuhörer ""unterbrochen"". — Từ nào trái nghĩa với từ trong ngoặc kép?",zurückgeblieben (ở lại),abgeschafft (bãi bỏ),fortgesetzt (tiếp tục),gebracht (đưa đi),fortgesetzt (tiếp tục),unterbrechen,unterbrach,ngắt lời; gián đoạn,Diễn giả đã bị một khán giả ngắt lời.,,
1012,Trái nghĩa,,"Sie hat in den letzten Monaten fünf Kilo ""abgenommen"". — Từ nào trái nghĩa với từ trong ngoặc kép?",ferngeblieben (vắng mặt),freigemacht (bỏ trống),zugenommen (tăng cân),verkauft (bán),zugenommen (tăng cân),abnehmen,nahm ab,giảm cân; tháo ra,Trong vài tháng qua cô ấy đã giảm năm cân.,,
1013,Trái nghĩa,,"Die beiden Themen sind eng miteinander ""verbunden"". — Từ nào trái nghĩa với từ trong ngoặc kép?",getrennt (tách rời),ausgeleert (đổ ra hết),abgelehnt (từ chối),bestätigt (xác nhận),getrennt (tách rời),verbinden,verband,kết nối; băng bó,Hai chủ đề này có liên hệ chặt chẽ với nhau.,,
1014,Trái nghĩa,,"Sie hat langsam und ruhig ""ausgeatmet"". — Từ nào trái nghĩa với từ trong ngoặc kép?",aufgebaut (xây dựng),abgestellt (tắt máy),eingeatmet (hít vào),zurückgefallen (tụt lại),eingeatmet (hít vào),ausatmen,atmete aus,thở ra,Cô ấy đã thở ra chậm rãi và bình tĩnh.,,
1015,Trái nghĩa,,"Ich habe leider nicht ""verstanden"", was er gesagt hat. — Từ nào trái nghĩa với từ trong ngoặc kép?",missverstanden (hiểu lầm),gebracht (đưa đi),abgesagt (từ chối/hủy),angekommen (đến nơi),missverstanden (hiểu lầm),verstehen,verstand,hiểu,Tiếc là tôi đã không hiểu điều anh ấy nói.,,
1016,Trái nghĩa,,"Er hat den alten Karton ""weggeworfen"". — Từ nào trái nghĩa với từ trong ngoặc kép?",aufgehoben (giữ lại),angedreht (mở vòi),zugeschaut (đứng xem),geblieben (ở lại),aufgehoben (giữ lại),wegwerfen,warf weg,vứt bỏ,Anh ấy đã vứt bỏ chiếc thùng carton cũ.,,
1017,Trái nghĩa,,"Sie hat den Wasserhahn ""angedreht"". — Từ nào trái nghĩa với từ trong ngoặc kép?",verschlechtert (trở nên tệ hơn),abgedreht (tắt vòi),festgehalten (giữ chặt),gefolgt (đi theo),abgedreht (tắt vòi),andrehen,drehte an,"vặn (vòi, van) mở",Cô ấy đã vặn mở vòi nước.,,
1018,Trái nghĩa,,"Die schlechte Nachricht hat mich sehr ""bedrückt"". — Từ nào trái nghĩa với từ trong ngoặc kép?",geblieben (ở lại),erleichtert (làm nhẹ nhõm),erreicht (bắt kịp/đạt được),zugesagt (đồng ý),erleichtert (làm nhẹ nhõm),bedrücken,bedrückte,đè nặng (tâm lý),Tin xấu đó đã khiến tôi rất nặng lòng.,,
1019,Trái nghĩa,,"Ich habe es mehrmals ""versucht"", aber es hat nicht geklappt. — Từ nào trái nghĩa với từ trong ngoặc kép?",verkauft (bán),aufgegeben (từ bỏ),geblieben (ở lại),angenommen (chấp nhận),aufgegeben (từ bỏ),versuchen,versuchte,"thử, cố gắng",Tôi đã thử nhiều lần nhưng không thành công.,,
1020,Trái nghĩa,,"Die Tür war fest ""verschlossen"". — Từ nào trái nghĩa với từ trong ngoặc kép?",geöffnet (mở),aufgerichtet (dựng lại),gekauft (mua),abgedreht (tắt vòi),geöffnet (mở),verschließen,verschloss,khóa lại,Cánh cửa đã bị khóa chặt.,,
1021,Trái nghĩa,,"Der Verkäufer hat drei Prozent vom Preis ""abgezogen"". — Từ nào trái nghĩa với từ trong ngoặc kép?",hinzugefügt (thêm vào),zurückgelassen (để lại),ausgezogen (cởi đồ),verborgen (che giấu),hinzugefügt (thêm vào),abziehen,zog ab,rút đi; trừ đi,Người bán đã trừ ba phần trăm giá.,,
1022,Trái nghĩa,,"Der Lehrer hat die Hefte am Ende der Stunde ""eingesammelt"". — Từ nào trái nghĩa với từ trong ngoặc kép?",abgebaut (tháo dỡ),geblieben (ở lại),festgehalten (giữ chặt),verteilt (phân phát),verteilt (phân phát),einsammeln,sammelte ein,thu gom lại,Thầy giáo đã thu vở lại vào cuối giờ học.,,
1023,Trái nghĩa,,"Er ist aus dem Verein ""ausgetreten"". — Từ nào trái nghĩa với từ trong ngoặc kép?",gelangweilt (làm cho chán),abgeschafft (bãi bỏ),abgelehnt (từ chối),beigetreten (gia nhập),beigetreten (gia nhập),austreten,trat aus,rút khỏi tổ chức,Anh ấy đã rút khỏi câu lạc bộ.,,
1024,Trái nghĩa,,"Der Preis ist im Zimmerpreis schon ""eingeschlossen"". — Từ nào trái nghĩa với từ trong ngoặc kép?",vergangen (mất đi/trôi qua),verborgen (che giấu),gebracht (đưa đi),ausgeschlossen (loại trừ),ausgeschlossen (loại trừ),einschließen,schloss ein,bao gồm; nhốt,Giá đó đã được bao gồm trong giá phòng.,,
1025,Trái nghĩa,,"Wir haben zwei Pizzen ""bestellt"". — Từ nào trái nghĩa với từ trong ngoặc kép?",getrennt (tách rời),storniert (hủy đặt hàng),verschlechtert (trở nên tệ hơn),verborgen (che giấu),storniert (hủy đặt hàng),bestellen,bestellte,đặt hàng,Chúng tôi đã đặt hai chiếc pizza.,,
1026,Trái nghĩa,,"Die Lehrerin hat die Bücher an alle Schüler ""verteilt"". — Từ nào trái nghĩa với từ trong ngoặc kép?",untergegangen (lặn - mặt trời),aufgegeben (từ bỏ),angefangen (bắt đầu),gesammelt (thu gom),gesammelt (thu gom),verteilen,verteilte,phân phát,Cô giáo đã phát sách cho tất cả học sinh.,,
1027,Trái nghĩa,,"Der Friseur hat mir die Haare kurz ""abgeschnitten"". — Từ nào trái nghĩa với từ trong ngoặc kép?",ignoriert (phớt lờ),aufgehört (dừng lại),freigemacht (bỏ trống),wachsen gelassen (để mọc dài ra),wachsen gelassen (để mọc dài ra),abschneiden,schnitt ab,cắt bỏ; đạt kết quả (thi),Thợ cắt tóc đã cắt tóc tôi ngắn.,,
1028,Trái nghĩa,,"Er hat die Regeln immer genau ""eingehalten"". — Từ nào trái nghĩa với từ trong ngoặc kép?",abgestellt (tắt máy),bestehen geblieben (vẫn tồn tại),gebrochen (vi phạm),überflogen (đọc lướt),gebrochen (vi phạm),einhalten,hielt ein,tuân thủ,Anh ấy luôn tuân thủ nghiêm ngặt các quy tắc.,,
1029,Trái nghĩa,,"Der Ballon ist langsam ""aufgestiegen"". — Từ nào trái nghĩa với từ trong ngoặc kép?",eingegriffen (can thiệp),ausgeatmet (thở ra),abgestiegen (đi xuống/xuống hạng),angeschaltet (bật),abgestiegen (đi xuống/xuống hạng),aufsteigen,stieg auf,leo lên; thăng chức,Khinh khí cầu đã từ từ bay lên.,,
1030,Trái nghĩa,,"Sein seltsames Verhalten ist mir sofort ""aufgefallen"". — Từ nào trái nghĩa với từ trong ngoặc kép?",gekauft (mua),geblieben (ở lại),unbemerkt geblieben (không bị chú ý),ausgeschlossen (loại trừ),unbemerkt geblieben (không bị chú ý),auffallen,fiel auf,gây chú ý,Hành vi kỳ lạ của anh ấy khiến tôi chú ý ngay.,,
1031,Trái nghĩa,,"Die Gefahr konnte gerade noch ""abgewendet"" werden. — Từ nào trái nghĩa với từ trong ngoặc kép?",eingepackt (đóng gói),freigemacht (bỏ trống),verursacht (gây ra),geleugnet (chối bỏ),verursacht (gây ra),abwenden,wendete ab,ngăn chặn; quay đi,Mối nguy hiểm đã vừa kịp được ngăn chặn.,,
1032,Trái nghĩa,,"Wir sind früh am Morgen zur Reise ""aufgebrochen"". — Từ nào trái nghĩa với từ trong ngoặc kép?",angenommen (chấp nhận),angemacht (bật),stattgefunden (diễn ra),angekommen (đến nơi),angekommen (đến nơi),aufbrechen,brach auf,lên đường; cạy mở,Chúng tôi đã lên đường từ sáng sớm.,,
1033,Trái nghĩa,,"Der Fahrer hat den Motor kurz ""angefahren"". — Từ nào trái nghĩa với từ trong ngoặc kép?",verschwiegen (giấu kín),hingeschaut (nhìn thẳng vào),missverstanden (hiểu lầm),abgestellt (tắt máy),abgestellt (tắt máy),anfahren,fuhr an,khởi động xe; đâm vào,Tài xế đã khởi động động cơ một lát.,,
1034,Trái nghĩa,,"Die Kinder haben sich warm ""angezogen"". — Từ nào trái nghĩa với từ trong ngoặc kép?",angefangen (bắt đầu),gespart (tiết kiệm),bestätigt (xác nhận),ausgezogen (cởi đồ),ausgezogen (cởi đồ),anziehen,zog an,mặc quần áo,Bọn trẻ đã mặc quần áo ấm.,,
1035,Trái nghĩa,,"Zum Zeitpunkt der Entscheidung haben noch keine Beweise ""vorgelegen"". — Từ nào trái nghĩa với từ trong ngoặc kép?",gefehlt (thiếu),ausgezogen (cởi đồ),ausgebaut (tháo ra),nachgegeben (nhượng bộ),gefehlt (thiếu),vorliegen,lag vor,"có sẵn, tồn tại (hồ sơ)","Tại thời điểm ra quyết định, chưa có bằng chứng nào tồn tại.",,
1036,Trái nghĩa,,"Die Schüler haben dem Lehrer aufmerksam ""zugehört"". — Từ nào trái nghĩa với từ trong ngoặc kép?",angefangen (bắt đầu),zusammengefügt (ghép lại),ignoriert (phớt lờ),verborgen (che giấu),ignoriert (phớt lờ),zuhören,hörte zu,lắng nghe,Học sinh đã lắng nghe thầy giáo một cách chăm chú.,,
1037,Trái nghĩa,,"Der Fahrer hat die Geschwindigkeitsgrenze ""übertreten"". — Từ nào trái nghĩa với từ trong ngoặc kép?",eingehalten (tuân thủ),gegeben (cho),bestätigt (xác nhận),losgebunden (tháo dây),eingehalten (tuân thủ),übertreten,übertrat,vi phạm / chuyển sang,Tài xế đã vi phạm giới hạn tốc độ.,,
1038,Trái nghĩa,,"Er hat den Raum leise ""betreten"". — Từ nào trái nghĩa với từ trong ngoặc kép?",abgebaut (tháo dỡ),verlassen (rời khỏi),ausgeschlossen (loại trừ),angemacht (bật),verlassen (rời khỏi),betreten,betrat,bước vào,Anh ấy đã bước vào phòng một cách nhẹ nhàng.,,
1039,Trái nghĩa,,"Die beiden Kollegen haben sich nach dem Streit wieder gut ""vertragen"". — Từ nào trái nghĩa với từ trong ngoặc kép?",gestritten (cãi nhau),abgenommen (tháo ra),ferngeblieben (vắng mặt),geblieben (ở lại),gestritten (cãi nhau),vertragen,vertrug,chịu đựng được; hòa hợp,Hai đồng nghiệp đã hòa thuận trở lại sau cuộc cãi vã.,,
1040,Trái nghĩa,,"Der Fremde hat mich auf der Straße ""angesprochen"". — Từ nào trái nghĩa với từ trong ngoặc kép?",ignoriert (phớt lờ),untergegangen (lặn - mặt trời),angefangen (bắt đầu),zusammengefügt (ghép lại),ignoriert (phớt lờ),ansprechen,sprach an,bắt chuyện; đề cập,Người lạ đã bắt chuyện với tôi trên đường.,,
1041,Trái nghĩa,,"Der Bus hat an der Ampel ""angehalten"". — Từ nào trái nghĩa với từ trong ngoặc kép?",gedehnt (giãn ra),weitergefahren (tiếp tục đi),verboten (cấm),angemacht (bật),weitergefahren (tiếp tục đi),anhalten,hielt an,dừng lại,Xe buýt đã dừng lại ở đèn giao thông.,,
1042,Trái nghĩa,,"Wir haben einen Termin für nächste Woche ""ausgemacht"". — Từ nào trái nghĩa với từ trong ngoặc kép?",abgebaut (tháo dỡ),angebunden (buộc vào),untergegangen (lặn - mặt trời),angemacht (bật),angemacht (bật),ausmachen,machte aus,tắt (đèn); thỏa thuận,Chúng tôi đã hẹn một cuộc gặp vào tuần sau.,,
1043,Trái nghĩa,,"Der Regen hat endlich ""aufgehört"". — Từ nào trái nghĩa với từ trong ngoặc kép?",durchgesetzt (kiên quyết),eingeschlafen (ngủ thiếp đi),aufgemacht (mở),angefangen (bắt đầu),angefangen (bắt đầu),aufhören,hörte auf,dừng lại,Cuối cùng mưa cũng đã tạnh.,,
1044,Trái nghĩa,,"Der Fahrer hat mich vor dem Bahnhof ""abgesetzt"". — Từ nào trái nghĩa với từ trong ngoặc kép?",hinzugefügt (thêm vào),abgeholt (đón),ausgezogen (cởi đồ),zugemacht (đóng),abgeholt (đón),absetzen,setzte ab,thả xuống; phế truất,Tài xế đã thả tôi xuống trước nhà ga.,,
1045,Trái nghĩa,,"Ich habe ihm das Fahrrad günstig ""abgekauft"". — Từ nào trái nghĩa với từ trong ngoặc kép?",gebracht (đưa đi),nachgegeben (nhượng bộ),zurückgelassen (để lại),verkauft (bán),verkauft (bán),abkaufen,kaufte ab,mua lại (của ai),Tôi đã mua lại chiếc xe đạp của anh ấy với giá rẻ.,,
1046,Trái nghĩa,,"Das Papier wurde in kleine Stücke ""zerschnitten"". — Từ nào trái nghĩa với từ trong ngoặc kép?",zusammengefügt (ghép lại),einbezogen (bao gồm vào),überlegen (vượt trội/thắng),aufgehoben (giữ lại),zusammengefügt (ghép lại),zerschneiden,zerschnitt,cắt vụn,Tờ giấy đã bị cắt thành từng mảnh nhỏ.,,
1047,Trái nghĩa,,"Er hat sein altes Auto ""verkauft"". — Từ nào trái nghĩa với từ trong ngoặc kép?",zugeschaut (đứng xem),eingepackt (đóng gói),gekauft (mua),nachgegeben (nhượng bộ),gekauft (mua),verkaufen,verkaufte,bán,Anh ấy đã bán chiếc xe cũ của mình.,,
1048,Trái nghĩa,,"Sie ist ohne ein Wort ""weggegangen"". — Từ nào trái nghĩa với từ trong ngoặc kép?",eingeschlafen (ngủ thiếp đi),abgelehnt (từ chối),verlassen (rời khỏi),geblieben (ở lại),geblieben (ở lại),weggehen,ging weg,rời đi,Cô ấy đã bỏ đi mà không nói một lời.,,
1049,Trái nghĩa,,"Wir sind letztes Jahr in eine neue Wohnung ""umgezogen"". — Từ nào trái nghĩa với từ trong ngoặc kép?",nachgegeben (nhượng bộ),geblieben (ở lại),abgebaut (thu hẹp),verborgen (che giấu),geblieben (ở lại),umziehen,zog um,chuyển nhà; thay đồ,Năm ngoái chúng tôi đã chuyển đến căn hộ mới.,,
1050,Trái nghĩa,,"Ich habe den Fernseher ""eingeschaltet"". — Từ nào trái nghĩa với từ trong ngoặc kép?",überlegen (vượt trội/thắng),eingeschlossen (bao gồm),ausgeschaltet (tắt),zugeschlagen (đóng lại),ausgeschaltet (tắt),einschalten,schaltete ein,bật (thiết bị),Tôi đã bật tivi.,,
1051,Trái nghĩa,,"Der Sänger ist gestern zum ersten Mal ""aufgetreten"". — Từ nào trái nghĩa với từ trong ngoặc kép?",einbezogen (bao gồm vào),verschwunden (biến mất),bestehen geblieben (vẫn tồn tại),ausgefahren (chạy ra),verschwunden (biến mất),auftreten,trat auf,xuất hiện; biểu diễn,Hôm qua ca sĩ đã biểu diễn lần đầu tiên.,,
1052,Trái nghĩa,,"Alle Kinder haben bei dem Spiel ""mitgespielt"". — Từ nào trái nghĩa với từ trong ngoặc kép?",zurückgelassen (để lại),angenommen (chấp nhận),ausgeschlossen (loại trừ),zugeschaut (đứng xem),zugeschaut (đứng xem),mitspielen,spielte mit,"chơi cùng, tham gia",Tất cả bọn trẻ đã cùng chơi trò chơi đó.,,
1053,Trái nghĩa,,"Er hat das Gespräch plötzlich ""abgebrochen"". — Từ nào trái nghĩa với từ trong ngoặc kép?",untergegangen (lặn - mặt trời),bemerkt (nhận ra),verborgen (che giấu),fortgesetzt (tiếp tục),fortgesetzt (tiếp tục),abbrechen,brach ab,hủy bỏ; gãy,Anh ấy đột nhiên chấm dứt cuộc trò chuyện.,,
1054,Trái nghĩa,,"Die Proteste wurden vom Militär ""unterdrückt"". — Từ nào trái nghĩa với từ trong ngoặc kép?",bestätigt (xác nhận),getrennt (ngắt kết nối),unterlassen (không làm/kiềm chế),gefördert (thúc đẩy/ủng hộ),gefördert (thúc đẩy/ủng hộ),unterdrücken,unterdrückte,"đàn áp, kìm nén",Các cuộc biểu tình đã bị quân đội đàn áp.,,
1055,Trái nghĩa,,"Er hat seinen Fehler sofort ""zugegeben"". — Từ nào trái nghĩa với từ trong ngoặc kép?",angefangen (bắt đầu),ferngeblieben (đứng ngoài),abgenommen (giảm cân),geleugnet (chối bỏ),geleugnet (chối bỏ),zugeben,gab zu,thừa nhận,Anh ấy đã thừa nhận lỗi của mình ngay lập tức.,,
1056,Trái nghĩa,,"Diese Methode ist offiziell nicht ""zugelassen"". — Từ nào trái nghĩa với từ trong ngoặc kép?",festgehalten (giữ chặt),angebunden (buộc vào),verboten (cấm),angetreten (nhậm chức),verboten (cấm),zulassen,ließ zu,cho phép,Phương pháp này chính thức không được cho phép.,,
1057,Trái nghĩa,,"Das Team ist dieses Jahr in die zweite Liga ""abgestiegen"". — Từ nào trái nghĩa với từ trong ngoặc kép?",aufgestiegen (thăng hạng),abgelehnt (từ chối),aufgegangen (mở ra),fortgesetzt (tiếp tục),aufgestiegen (thăng hạng),absteigen,stieg ab,xuống; xuống hạng,Năm nay đội bóng đã xuống hạng nhì.,,
1058,Trái nghĩa,,"Er hat sein Versprechen später ""widerrufen"". — Từ nào trái nghĩa với từ trong ngoặc kép?",stehengeblieben (dừng lại),ausgezogen (chuyển ra),bestätigt (xác nhận),abgestellt (tắt máy),bestätigt (xác nhận),widerrufen,widerrief,rút lại (lời nói),Sau đó anh ấy đã rút lại lời hứa của mình.,,
1059,Trái nghĩa,,"Ich habe das Geheimnis für mich ""behalten"". — Từ nào trái nghĩa với từ trong ngoặc kép?",weggegeben (cho đi),angenommen (chấp nhận),gebrochen (vi phạm),hingeschaut (nhìn thẳng vào),weggegeben (cho đi),behalten,behielt,giữ lại,Tôi đã giữ bí mật cho riêng mình.,,
1060,Trái nghĩa,,"Die Kinder haben ihre Geschenke sofort ""ausgepackt"". — Từ nào trái nghĩa với từ trong ngoặc kép?",abgestellt (tắt),entlassen (sa thải),eingepackt (đóng gói),gekauft (mua),eingepackt (đóng gói),auspacken,packte aus,mở gói ra,Bọn trẻ đã mở quà ngay lập tức.,,
1061,Trái nghĩa,,"Der Pullover ist beim Waschen ""eingegangen"". — Từ nào trái nghĩa với từ trong ngoặc kép?",abgenommen (tháo ra),verkannt (đánh giá sai),angekommen (đến nơi),gedehnt (giãn ra),gedehnt (giãn ra),eingehen,ging ein,co lại; đi vào,Chiếc áo len đã bị co lại khi giặt.,,
1062,Trái nghĩa,,"Er hat seinen Ausweis am Eingang ""vorgezeigt"". — Từ nào trái nghĩa với từ trong ngoặc kép?",gefehlt (thiếu),freigemacht (bỏ trống),versteckt (giấu đi),vorgezogen (đẩy sớm lên),versteckt (giấu đi),vorzeigen,zeigte vor,"trình ra, xuất trình",Anh ấy đã xuất trình giấy tờ tùy thân ở lối vào.,,
1063,Trái nghĩa,,"Die Familie ist gestern in das Haus ""eingezogen"". — Từ nào trái nghĩa với từ trong ngoặc kép?",gelöscht (xóa),überlegen (vượt trội/thắng),ausgezogen (chuyển ra),verschwiegen (giấu kín),ausgezogen (chuyển ra),einziehen,zog ein,chuyển vào (nhà),Gia đình đã chuyển vào nhà hôm qua.,,
1064,Trái nghĩa,,"Wir haben viel Geld für das Hotel ""ausgegeben"". — Từ nào trái nghĩa với từ trong ngoặc kép?",gespart (tiết kiệm),gegeben (cho),verschwunden (biến mất),behalten (giữ lại),gespart (tiết kiệm),ausgeben,gab aus,chi tiêu; phát ra,Chúng tôi đã chi rất nhiều tiền cho khách sạn.,,
1065,Trái nghĩa,,"Alle Plätze im Zug waren schon ""besetzt"". — Từ nào trái nghĩa với từ trong ngoặc kép?",eingefahren (vào ga),freigemacht (bỏ trống),zugeschlagen (đóng lại),angedreht (mở vòi),freigemacht (bỏ trống),besetzen,besetzte,chiếm giữ,Tất cả chỗ ngồi trên tàu đều đã có người ngồi.,,
1066,Trái nghĩa,,"Die Touristen sind heute Morgen ""abgereist"". — Từ nào trái nghĩa với từ trong ngoặc kép?",angekommen (đến nơi),bestätigt (xác nhận),behalten (giữ lại),missverstanden (hiểu lầm),angekommen (đến nơi),abreisen,reiste ab,"khởi hành, lên đường",Sáng nay các du khách đã lên đường rời đi.,,
1067,Trái nghĩa,,"Ich habe das Buch der Bibliothek ""zurückgegeben"". — Từ nào trái nghĩa với từ trong ngoặc kép?",abgestellt (tắt máy),behalten (giữ lại),angefangen (bắt đầu),eingegriffen (can thiệp),behalten (giữ lại),zurückgeben,gab zurück,trả lại,Tôi đã trả sách lại cho thư viện.,,
1068,Trái nghĩa,,"Der Bus ist gerade ""ausgefahren"". — Từ nào trái nghĩa với từ trong ngoặc kép?",verschwunden (biến mất),wachsen gelassen (để mọc dài ra),eingefahren (vào ga),verlassen (rời khỏi),eingefahren (vào ga),ausfahren,fuhr aus,lái ra ngoài,Xe buýt vừa mới chạy ra.,,
1069,Trái nghĩa,,"Ich habe meinen Koffer schon ""eingepackt"". — Từ nào trái nghĩa với từ trong ngoặc kép?",ausgeschaltet (tắt),einbezogen (bao gồm vào),ausgepackt (mở gói),aufgestiegen (thăng hạng),ausgepackt (mở gói),einpacken,packte ein,"đóng gói, gói lại",Tôi đã đóng gói vali của mình rồi.,,
1070,Trái nghĩa,,"Er hat die Führerscheinprüfung ""bestanden"". — Từ nào trái nghĩa với từ trong ngoặc kép?",zu Hause geblieben (ở nhà),aufgegangen (mở ra),abgestellt (tắt),durchgefallen (thi trượt),durchgefallen (thi trượt),bestehen,bestand,đỗ (thi); tồn tại,Anh ấy đã đỗ kỳ thi lái xe.,,
1071,Trái nghĩa,,"Nach der Pause haben wir die Arbeit ""fortgesetzt"". — Từ nào trái nghĩa với từ trong ngoặc kép?",verschwunden (biến mất),unterbrochen (ngắt quãng),aufgedeckt (mở ra),gefehlt (thiếu),unterbrochen (ngắt quãng),fortsetzen,setzte fort,tiếp tục,"Sau giờ nghỉ, chúng tôi đã tiếp tục công việc.",,
1072,Trái nghĩa,,"Die Tür ist von selbst ""zugegangen"". — Từ nào trái nghĩa với từ trong ngoặc kép?",aufgegangen (mở ra),gefehlt (thiếu),verkannt (đánh giá sai),abgenommen (giảm cân),aufgegangen (mở ra),zugehen,ging zu,đóng lại (tự động),Cánh cửa tự đóng lại.,,
